Trend,Tag
#375KHKdaAdalet,0
#BJKvGFK,0
#salı,0
Mert Hakan Yandaş,0
#nasıltutacak,0
Emre Albayrak,0
#EmadderKademeDiyor,0
PFDK'ya,0
Metehan Baltacı,0
İstanbul Çekmeköy,0
Sergen,0
Beşiktaş,0
İbrahim Hacıosmanoğlu,0
Murat Sancak,0
NedenEhliyete AfYok,0
Cerny,0
Jeremie Pignard,0
İsmail,0
Come To Fenerbahçe,0
Furkan Aksuoğlu,0
Willy Delajod,0
van'da 4.6,0
Deniz Caner Özaral,0
Ekrem İmamoğlu,0
Komutan,0
Suriye,0
Japonya'da 7.2,0
Demir Ege,0
Orkun,0
Adalet Bakanı Yılmaz Tunç,0
Kaya Çilingiroğlu,0
Slot,0
Bedirhan Yiğitbaş,0
Yıldız Asyalı,0
Osman Kavala,0
Alassane Ndao,0
Günaydınlar,0
Emirhan,0
Rıdvan,0
Eren Elmalı,0
Gökhan,0
Oğulcan Kütük,0
Abraham,0
harekete geçin artık,0
Halil Umut Meler,0
Esad,0
Kadir Sağlam,0
Gelir Uzmanları,0
Burak Yılmaz,0
i̇nfazdaadalet sağlansın,0
#salı,1
#BJKvGFK,1
#nasıltutacak,1
Mert Hakan Yandaş,1
Emre Albayrak,1
#EmadderKademeDiyor,1
#BuKadarDaOlmaz,1
Metehan Baltacı,1
İstanbul Çekmeköy,1
Sergen,1
Beşiktaş,1
Murat Sancak,1
NedenEhliyete AfYok,1
Cerny,1
İsmail,1
Come To Fenerbahçe,1
Günaydınlar,1
Japonya'da 7.2,1
van'da 4.6,1
Ekrem İmamoğlu,1
Suriye,1
Orkun,1
Komutan,1
Demir Ege,1
Kaya Çilingiroğlu,1
Yıldız Asyalı,1
Alassane Ndao,1
Slot,1
Rıdvan,1
Emirhan,1
infazdaadalet sağlansın,1
Gökhan,1
Abraham,1
Eren Elmalı,1
harekete geçin artık,1
Halil Umut Meler,1
Beypazarı,1
Ersin,1
Kadir Sağlam,1
Esad,1
Ümran,1
Burak Yılmaz,1
Rashica,1
Göztepe,1
Şehidimize Allah'tan,1
Ernest Muçi,1
sendikamızın,1
Scoop,1
Yönetim İstifa,1
Emniyet Teşkilatımıza,1
#salı,1
#BJKvGFK,1
#nasıltutacak,1
Mert Hakan Yandaş,1
Emre Albayrak,1
#EmadderKademeDiyor,1
#BuKadarDaOlmaz,1
Metehan Baltacı,1
İstanbul Çekmeköy,1
Sergen,1
Beşiktaş,1
Murat Sancak,1
Cerny,1
İsmail,1
Günaydınlar,1
Come To Fenerbahçe,1
NedenEhliyete AfYok,1
Japonya'da 7.2,1
van'da 4.6,1
Ekrem İmamoğlu,1
Suriye,1
Orkun,1
Komutan,1
Demir Ege,1
Kaya Çilingiroğlu,1
Yıldız Asyalı,1
Alassane Ndao,1
Slot,1
Rıdvan,1
Emirhan,1
infazdaadalet sağlansın,1
Gökhan,1
Abraham,1
Eren Elmalı,1
harekete geçin artık,1
Ümran,1
Halil Umut Meler,1
Beypazarı,1
Ersin,1
Kadir Sağlam,1
Esad,1
Burak Yılmaz,1
Rashica,1
Göztepe,1
Şehidimize Allah'tan,1
Ernest Muçi,1
sendikamızın,1
Scoop,1
Yönetim İstifa,1
Emniyet Teşkilatımıza,1
#salı,1
#BJKvGFK,1
#BuKadarDaOlmaz,1
#nasıltutacak,1
Emre Albayrak,1
Mert Hakan Yandaş,1
#EmadderKademeDiyor,1
Metehan Baltacı,1
İstanbul Çekmeköy,1
Sergen,1
Beşiktaş,1
Günaydınlar,1
Murat Sancak,1
Cerny,1
İsmail,1
Come To Fenerbahçe,1
Japonya'da 7.2,1
Suriye,1
Orkun,1
van'da 4.6,1
Ekrem İmamoğlu,1
Kaya Çilingiroğlu,1
Demir Ege,1
Komutan,1
Alassane Ndao,1
Rıdvan,1
Beypazarı,1
Slot,1
el bilal toure,1
Gökhan,1
Emirhan,1
infazdaadalet sağlansın,1
Abraham,1
Aleykümselam,1
Hayırlı Sabahlar,1
Eren Elmalı,1
harekete geçin artık,1
Rashica,1
Halil Umut Meler,1
Yıldız Asyalı,1
Ersin,1
Kadir Sağlam,1
Göztepe,1
Esad,1
Şehidimize Allah'tan,1
Burak Yılmaz,1
Ernest Muçi,1
sendikamızın,1
Macarlar,1
Scoop,1
#salı,2
#BJKvGFK,2
#BuKadarDaOlmaz,2
#nasıltutacak,2
Emre Albayrak,2
Mert Hakan Yandaş,2
#EmadderKademeDiyor,2
İstanbul Çekmeköy,2
Metehan Baltacı,2
Sergen,2
Günaydınlar,2
Günaydınlar,2
Beşiktaş,2
Murat Sancak,2
Cerny,2
İsmail,2
Come To Fenerbahçe,2
Japonya'da 7.2,2
Orkun,2
Kaya Çilingiroğlu,2
Suriye,2
Ekrem İmamoğlu,2
Demir Ege,2
van'da 4.6,2
Komutan,2
Rıdvan,2
Alassane Ndao,2
Yarım Sigorta Zulümdür,2
Aleykümselam,2
Slot,2
Abraham,2
Gökhan,2
el bilal toure,2
Emirhan,2
İnfazdaAdalet Sağlansın,2
Beypazarı,2
Eren Elmalı,2
harekete geçin artık,2
Rashica,2
Halil Umut Meler,2
Göztepe,2
Şehidimize Allah'tan,2
Ersin,2
Kadir Sağlam,2
Esad,2
Burak Yılmaz,2
ernest muçi,2
sendikamızın,2
Emniyet Teşkilatımıza,2
Scoop,2
#salı,3
#BJKvGFK,3
#nasıltutacak,3
Emre Albayrak,3
Mert Hakan Yandaş,3
#GerideKaldı,3
#BuKadarDaOlmaz,3
İstanbul Çekmeköy,3
Metehan Baltacı,3
Sergen,3
Beşiktaş,3
Hayırlı Sabahlar,3
Murat Sancak,3
Cerny,3
İsmail,3
Yarım Sigorta Zulümdür,3
Japonya'da 7.2,3
Orkun,3
Kaya Çilingiroğlu,3
Demir Ege,3
Suriye,3
Ekrem İmamoğlu,3
van'da 4.6,3
Abraham,3
Rıdvan,3
Komutan,3
Alassane Ndao,3
Slot,3
Gökhan,3
Emirhan,3
el bilal toure,3
İnfazdaAdalet Sağlansın,3
emniyet teşkilatımıza,3
Göztepe,3
harekete geçin artık,3
Rashica,3
Eren Elmalı,3
Halil Umut Meler,3
Şehidimize Allah'tan,3
Ersin,3
Burak Yılmaz,3
Kadir Sağlam,3
Esad,3
Djalo,3
ernest muçi,3
sendikamızın,3
Scoop,3
Viktor Orban,3
becao,3
Onana,3
#salı,4
#BJKvGFK,4
#nasıltutacak,4
Emre Albayrak,4
Mert Hakan Yandaş,4
#deprem,4
#EmadderKademeDiyor,4
İstanbul Çekmeköy,4
Sergen,4
Metehan Baltacı,4
Cerny,4
Beşiktaş,4
Murat Sancak,4
İsmail,4
Hayırlı Sabahlar,4
Kaya Çilingiroğlu,4
Orkun,4
Japonya'da 7.2,4
Demir Ege,4
Suriye,4
Rıdvan,4
Ekrem İmamoğlu,4
van'da 4.6,4
Abraham,4
Komutan,4
Alassane Ndao,4
Gökhan,4
Slot,4
Emirhan,4
el bilal toure,4
İnfazdaAdalet Sağlansın,4
Ersin,4
Rashica,4
kadir sağlam,4
emniyet teşkilatımıza,4
Göztepe,4
harekete geçin artık,4
Şehidimize Allah'tan,4
Onana,4
Yarım Sigorta Zulümdür,4
Eren Elmalı,4
Halil Umut Meler,4
Günaydınlar,4
Jota,4
pfdk'ya,4
Burak Yılmaz,4
Esad,4
8 aralık,4
Djalo,4
ahmet okatan,4
#BJKvGFK,5
#salı,5
#nasıltutacak,5
Emre Albayrak,5
#deprem,5
Mert Hakan Yandaş,5
#EmadderKademeDiyor,5
İstanbul Çekmeköy,5
Sergen,5
Metehan Baltacı,5
Beşiktaş,5
Cerny,5
Murat Sancak,5
İsmail,5
Kaya Çilingiroğlu,5
Orkun,5
Demir Ege,5
Japonya'da 7.2,5
Suriye,5
Rıdvan,5
Ekrem İmamoğlu,5
van'da 4.6,5
Abraham,5
Slot,5
Alassane Ndao,5
Komutan,5
Gökhan,5
Emirhan,5
el bilal toure,5
İnfazdaAdalet Sağlansın,5
Ersin,5
Göztepe,5
Rashica,5
Kadir Sağlam,5
emniyet teşkilatımıza,5
harekete geçin artık,5
Şehidimize Allah'tan,5
Onana,5
Eren Elmalı,5
Halil Umut Meler,5
djalo,5
Burak Yılmaz,5
Jota,5
pfdk'ya,5
Esad,5
8 Aralık,5
Muçi,5
Ahmet Okatan,5
sendikamızın,5
Scoop,5
#BJKvGFK,6
Emre Albayrak,6
#nasıltutacak,6
#deprem,6
#çatlı,6
Mert Hakan Yandaş,6
#EmadderKademeDiyor,6
İstanbul Çekmeköy,6
Sergen,6
Metehan Baltacı,6
Beşiktaş,6
Cerny,6
Murat Sancak,6
Come To Fenerbahçe,6
İsmail,6
Kaya Çilingiroğlu,6
Orkun,6
Japonya'da 7.2,6
Demir Ege,6
Suriye,6
Rıdvan,6
Ekrem İmamoğlu,6
van'da 4.6,6
Abraham,6
Alassane Ndao,6
Slot,6
Komutan,6
Gökhan,6
Emirhan,6
el bilal toure,6
Göztepe,6
Halil Umut Meler,6
İnfazdaAdalet Sağlansın,6
Ersin,6
Rashica,6
Kadir Sağlam,6
emniyet teşkilatımıza,6
Şehidimize Allah'tan,6
harekete geçin artık,6
Eren Elmalı,6
Onana,6
djalo,6
Burak Yılmaz,6
Jota,6
pfdk'ya,6
yine yeniden erdoğan,6
Esad,6
8 Aralık,6
muçi,6
Ahmet Okatan,6
#BJKvGFK,7
Emre Albayrak,7
#nasıltutacak,7
#deprem,7
Mert Hakan Yandaş,7
#çatlı,7
#EmadderKademeDiyor,7
İstanbul Çekmeköy,7
Sergen,7
Metehan Baltacı,7
Beşiktaş,7
Cerny,7
Murat Sancak,7
İsmail,7
Orkun,7
Kaya Çilingiroğlu,7
Japonya'da 7.2,7
Demir Ege,7
Suriye,7
Ekrem İmamoğlu,7
Rıdvan,7
van'da 4.6,7
Abraham,7
Komutan,7
Alassane Ndao,7
Slot,7
Gökhan,7
Emirhan,7
İnfazdaAdalet Sağlansın,7
Göztepe,7
el bilal toure,7
Şehidimize Allah'tan,7
Halil Umut Meler,7
Ersin,7
Rashica,7
Kadir Sağlam,7
emniyet teşkilatımıza,7
Eren Elmalı,7
harekete geçin artık,7
Onana,7
Djalo,7
Burak Yılmaz,7
Jota,7
pfdk'ya,7
Esad,7
Yine Yeniden Erdoğan,7
8 Aralık,7
Muçi,7
Ahmet Okatan,7
Viktor Orban,7
Mert Hakan Yandaş,8
Metehan,8
#UzakŞehir,8
#BugünGünlerdenGALATASARAY,8
Murat Sancak,8
Sergen,8
#nasıltutacak,8
Beşiktaş,8
#BJKvGFK,8
Komutan,8
#CihAl,8
Alassane Ndao,8
Boran,8
Slot,8
İsmail Yüksek,8
WE ARE CLEAN,8
Eren Elmalı,8
Orkun,8
Bahis,8
Ahmet Okatan,8
Meritking,8
Murat Ağırel,8
Abraham,8
Emirhan,8
3 Temmuz,8
Japonya'da 7.2,8
Burak Yılmaz,8
Ersin,8
Kumar,8
Demir Ege,8
Taylan,8
Rıdvan,8
Yasa,8
Antep,8
Başın,8
Come to Fenerbahçe,8
Çağlar,8
Masak,8
Cenk,8
Bilal,8
İrfan,8
#KayZer,8
#mandalradyo,8
#serdaladalıistifa,8
#ZamKendilerineSabırBize,8
#KHKZulmüneSon,8
#SalahFenere,8
#BoykotDedektifiEngellenemez,8
#SonKpssMebEk25Bin,8
#CennetinÇocukları,8
Mert Hakan Yandaş,8
Metehan,8
#UzakŞehir,8
#BugünGünlerdenGALATASARAY,8
Murat Sancak,8
Sergen,8
Sergen,8
#nasıltutacak,8
#BJKvGFK,8
Beşiktaş,8
Komutan,8
#CihAl,8
Alassane Ndao,8
Boran,8
Slot,8
Orkun,8
İsmail Yüksek,8
Eren Elmalı,8
WE ARE CLEAN,8
Emirhan,8
Hisler,8
Meritking,8
Abraham,8
Bahis,8
Ahmet Okatan,8
Gökhan,8
3 Temmuz,8
Japonya'da 7.2,8
Burak Yılmaz,8
Murat Ağırel,8
İçerden,8
Ersin,8
Halil Umut Meler,8
Cerny,8
Kumar,8
Demir Ege,8
İnfazdaAdalet Sağlansın,8
Taylan,8
Rıdvan,8
Yasa,8
Cengiz,8
Başın,8
Come to Fenerbahçe,8
HT Spor,8
Çağlar,8
Rashica,8
Bireysel,8
MASAK,8
Traktör,8
Kaptan,8
Mert Hakan Yandaş,9
#UzakŞehir,9
Metehan,9
#BugünGünlerdenGALATASARAY,9
Sergen,9
Sergen,9
#nasıltutacak,9
Murat Sancak,9
#BJKvGFK,9
Beşiktaş,9
Komutan,9
#CihAl,9
Boran,9
Alassane Ndao,9
Orkun,9
Slot,9
İsmail Yüksek,9
WE ARE CLEAN,9
Eren Elmalı,9
Emirhan,9
Hisler,9
Meritking,9
Abraham,9
Bahis,9
Ahmet Okatan,9
Gökhan,9
Japonya'da 7.2,9
3 Temmuz,9
Burak Yılmaz,9
Ersin,9
Murat Ağırel,9
İçerden,9
Halil Umut Meler,9
Taylan,9
Cerny,9
Kumar,9
Demir Ege,9
Rıdvan,9
İnfazdaAdalet Sağlansın,9
Emrah Çelik,9
Kadir Sağlam,9
Zerrin,9
Yasadışı,9
Cengiz,9
Başın,9
Come to Fenerbahçe,9
HT Spor,9
Rashica,9
MASAK,9
Bireysel,9
Mert Hakan Yandaş,10
#UzakŞehir,10
Metehan,10
#nasıltutacak,10
Sergen,10
Sergen,10
#BugünGünlerdenGALATASARAY,10
Murat Sancak,10
#BJKvGFK,10
Beşiktaş,10
Komutan,10
#CihAl,10
Boran,10
Alassane Ndao,10
Orkun,10
Slot,10
İsmail Yüksek,10
Emirhan,10
Abraham,10
Hisler,10
WE ARE CLEAN,10
Eren Elmalı,10
Gökhan,10
Ahmet Okatan,10
Bahis,10
Burak Yılmaz,10
Meritking,10
Japonya'da 7.2,10
İnfazdaAdalet Sağlansın,10
Ersin,10
Cerny,10
Rıdvan,10
Halil Umut Meler,10
İçerden,10
Taylan,10
Demir Ege,10
Murat Ağırel,10
3 Temmuz,10
Emrah Çelik,10
Kumar,10
Kadir Sağlam,10
Zerrin,10
Yasadışı,10
Antep,10
Samoş,10
Bilal Toure,10
Cengiz,10
Come to Fenerbahçe,10
Başın,10
Rashica,10
Mert Hakan Yandaş,11
#UzakŞehir,11
#BJKvGFK,11
#nasıltutacak,11
Metehan Baltacı,11
Sergen,11
#BugünGünlerdenGALATASARAY,11
Beşiktaş,11
Murat Sancak,11
Komutan,11
Boran,11
#CihAl,11
Alassane Ndao,11
Orkun,11
Emirhan,11
Abraham,11
Slot,11
Hisler,11
Gökhan,11
İsmail Yüksek,11
Ahmet Okatan,11
WE ARE CLEAN,11
Burak Yılmaz,11
Japonya'da 7.2,11
Bahis,11
Cerny,11
Ersin,11
Demir Ege,11
Rıdvan,11
Meritking,11
Eren,11
Halil Umut Meler,11
İnfazdaAdalet Sağlansın,11
Taylan,11
El Bilal Toure,11
Zerrin,11
Scoop,11
Kadir Sağlam,11
Yasadışı,11
Come to Fenerbahçe,11
Emrah Çelik,11
Cengiz,11
3 Temmuz,11
İçerden,11
HT Spor,11
Zafer Görgen,11
Samoş,11
Murat Ağırel,11
Rashica,11
Djalo,11
#UzakŞehir,12
#BJKvGFK,12
#nasıltutacak,12
Sergen,12
Beşiktaş,12
Mert Hakan,12
Metehan Baltacı,12
Murat Sancak,12
#BugünGünlerdenGALATASARAY,12
Boran,12
Orkun,12
#KayZer,12
Abraham,12
Emirhan,12
Gökhan,12
Slot,12
Alassane Ndao,12
Rıdvan,12
Cerny,12
Demir Ege,12
İsmail Yüksek,12
İnfazdaAdalet Sağlansın,12
Komutan,12
Burak Yılmaz,12
Ersin,12
Halil Umut Meler,12
Japonya'da 7.2,12
Rashica,12
Cengiz,12
Kadir Sağlam,12
Eren Elmalı,12
Taylan,12
Come to Fenerbahçe,12
Zerrin,12
WE ARE CLEAN,12
El Bilal Toure,12
Scoop,12
Meritking,12
Ahmet Okatan,12
Bireysel,12
Zafer Görgen,12
Samoş,12
Djalo,12
Yasadışı,12
Jota,12
Yorumsuz,12
Kime VAR,12
Cihan Albora,12
Traktör,12
Jurasek,12
#BJKvGFK,13
#nasıltutacak,13
Sergen,13
Beşiktaş,13
#UzakŞehir,13
Orkun,13
Mert Hakan,13
Abraham,13
Emirhan,13
Gökhan,13
Rıdvan,13
Cerny,13
#KHKZulmüneSon,13
#SalahFenere,13
İnfazdaAdalet Sağlansın,13
Demir Ege,13
İsmail Yüksek,13
Ersin,13
Slot,13
Cengiz,13
Komutan,13
Rashica,13
Come to Fenerbahçe,13
Halil Umut Meler,13
Jota,13
Kadir Sağlam,13
Bilal Toure,13
Taylan,13
Japonya'da 7.2,13
Burak Yılmaz,13
Eren Elmalı,13
Scoop,13
Zafer Görgen,13
Bireysel,13
Zerrin,13
Samoş,13
Metehan,13
Yorumsuz,13
Djalo,13
İpek,13
Kime VAR,13
Bayo,13
Meritking,13
Yasadışı,13
Ofsayt,13
Çağlar,13
Ndidi,13
Jurasek,13
Masak,13
WE ARE CLEAN,13
#BJKvGFK,14
#nasıltutacak,14
Sergen,14
Beşiktaş,14
Abraham,14
Orkun,14
#SerdalAdalıİstifa,14
YÖNETİM İSTİFA,14
Gökhan,14
Rıdvan,14
Cerny,14
Emirhan,14
#SalahFenere,14
Mert Hakan,14
Ersin,14
#KHKZulmüneSon,14
Rashica,14
İnfazdaAdalet Sağlansın,14
Demir Ege,14
İsmail Yüksek,14
Come to Fenerbahçe,14
Cengiz,14
Halil Umut Meler,14
Kadir Sağlam,14
Jota,14
El Bilal Toure,14
Komutan,14
Zafer Görgen,14
Bayo,14
Japonya'da 7.2,14
Yorumsuz,14
Burak Yılmaz,14
Kime VAR,14
Metehan Baltacı,14
Taylan,14
Eren Elmalı,14
Slot,14
Ersen Dikmen,14
Djalo,14
Ofsayt,14
Ndidi,14
Sağlık Yönetimi,14
Masak,14
Jurasek,14
Bireysel,14
Ülker,14
Alassane Ndao,14
Dilek Yaman Demir,14
Emre Albayrak,14
Murat Sancak,14
#BJKvGFK,15
#nasıltutacak,15
Orkun,15
#SalahFenere,15
Cerny,15
Rıdvan,15
Abraham,15
Emirhan,15
#KelimeiTevhidBayrağı,15
Rashica,15
Come to Fenerbahçe,15
İsmail Yüksek,15
#KPSS2024SbAtama,15
Demir Ege,15
Halil Umut Meler,15
Jota,15
Beşiktaş - Gaziantep FK,15
Gökhan,15
Sergen,15
İnfazdaAdalet Sağlansın,15
Mert Hakan Yandaş,15
Ersin,15
El Bilal Toure,15
Japonya'da 7.2,15
Kadir Sağlam,15
Bayo,15
Yorumsuz,15
Metehan Baltacı,15
Komutan,15
Kime VAR,15
Ersen Dikmen,15
Ofsayt,15
Taylan,15
Alassane Ndao,15
Penaltıyı,15
Ndidi,15
Burak Yılmaz,15
Murat Sancak,15
Dilek Yaman Demir,15
Masak,15
Nöbetçi Sulh Ceza Hakimliğine,15
Djalo,15
Yediğimiz,15
Emre Albayrak,15
PFDK'ya,15
Ülker,15
Viktor Orban,15
Ekrem İmamoğlu,15
Suriyeli,15
Kayyum,15
#BJKvGFK,16
#nasıltutacak,16
Orkun,16
#SalahFenere,16
Cerny,16
Rıdvan,16
Abraham,16
Emirhan,16
#KelimeiTevhidBayrağı,16
Rashica,16
Come to Fenerbahçe,16
İsmail Yüksek,16
#KPSS2024SbAtama,16
Demir Ege,16
Halil Umut Meler,16
Jota,16
Beşiktaş - Gaziantep FK,16
Gökhan,16
Sergen,16
İnfazdaAdalet Sağlansın,16
Mert Hakan,16
Ersin,16
El Bilal Toure,16
Japonya'da 7.2,16
Kadir Sağlam,16
Bayo,16
Yorumsuz,16
Metehan Baltacı,16
Komutan,16
Kime VAR,16
Ersen Dikmen,16
Ofsayt,16
Taylan,16
Alassane Ndao,16
Penaltıyı,16
Ndidi,16
Burak Yılmaz,16
Murat Sancak,16
Dilek Yaman Demir,16
Masak,16
Nöbetçi Sulh Ceza Hakimliğine,16
Djalo,16
Yediğimiz,16
Emre Albayrak,16
PFDK'ya,16
Ülker,16
Viktor Orban,16
Ekrem İmamoğlu,16
Suriyeli,16
Kayyum,16
#BJKvGFK,24
#SalahFenere,24
Orkun,24
#KPSS2024SbAtama,24
Come to Fenerbahçe,24
Cerny,24
#BoykotDedektifiEngellenemez,24
İsmail Yüksek,24
#KelimeiTevhidBayrağı,24
Gökhan,24
Japonya'da 7.2,24
Rashica,24
Demir Ege,24
El Bilal Toure,24
Metehan Baltacı,24
Beşiktaş - Gaziantep FK,24
Mert Hakan Yandaş,24
Murat Sancak,24
Emre Albayrak,24
Taylan,24
Rıdvan,24
Alassane Ndao,24
Djalo,24
Nöbetçi Sulh Ceza Hakimliğine,24
Ekrem İmamoğlu,24
Burak Yılmaz,24
PFDK'ya,24
Orban,24
Komutan,24
Suriyeli,24
Ülker,24
Mohamed Salah,24
Tuncer Bakırhan,24
Gabi,24
Ahmet Çakar,24
İstanbul Çekmeköy,24
Hoşgeldiniz,24
Yavuz Ağıralioğlu,24
Becao,24
Esad,24
Sendikamızın,24
Konya Kulu Adliyesi'nde,24
Monaco,24
Zorbay,24
Mekanı,24
Aziz,24
16 Şubat,24
Cevdet Yılmaz,24
Milletimizin Başı Sağ Olsun,24
İdam,24
#KPSS2024SbAtama,24
Come to Fenerbahçe,24
#BoykotDedektifiEngellenemez,24
#demekki,24
#SalahFenere,24
#KelimeiTevhidBayrağı,24
Japonya'da 7.2,24
Emre Albayrak,24
Alassane Ndao,24
Ekrem İmamoğlu,24
Murat Sancak,24
PFDK'ya,24
Metehan Baltacı,24
Djalo,24
Orban,24
BakPostacıGeliyor OzanAkbaba,24
Hakim,24
Mohamed Salah,24
Burak Yılmaz,24
Suriyeli,24
Tuncer Bakırhan,24
Gabi,24
İstanbul Çekmeköy,24
Cerny,24
Sendikamızın,24
Beşiktaş - Gaziantep FK,24
Konya Kulu Adliyesi'nde,24
Ahmet Çakar,24
Yavuz Ağıralioğlu,24
Becao,24
Cevdet Yılmaz,24
Monaco,24
16 Şubat,24
Esad,24
Zorbay,24
Mekanı,24
İdam,24
Şehidimize Allah'tan,24
Milletimizin Başı Sağ Olsun,24
Emniyet Teşkilatımıza,24
Kabe,24
Aziz,24
Diploma,24
Ruhu,24
Numan Kurtulmuş,24
Saddam,24
Cenk Tosun,24
8 Aralık,24
Uyuşturucu,24
9 Aralık Salı,24
#KPSS2024SbAtama,24
#BoykotDedektifiEngellenemez,24
Emre Albayrak,24
#Çatlı,24
Ekrem İmamoğlu,24
Come to Fenerbahçe,24
PFDK'ya,24
#koruyorum,24
#umudumvar,24
Japonya'da 7.2,24
Djalo,24
Orban,24
BakPostacıGeliyor OzanAkbaba,24
Hakim,24
İstanbul Çekmeköy,24
Sendikamızın,24
Suriye,24
Becao,24
Beşiktaş - Gaziantep FK,24
16 Şubat,24
Ahmet Çakar,24
Konya Kulu Adliyesi'nde,24
Mohamed Salah,24
Milletimizin Başı Sağ Olsun,24
Monaco,24
İdam,24
Şehidimize Allah'tan,24
Cevdet Yılmaz,24
Emniyet Teşkilatımıza,24
Mekanı,24
Kabe,24
Jakobs,24
Yavuz Ağıralioğlu,24
9 Aralık Salı,24
Esad,24
Numan Kurtulmuş,24
Saddam,24
Yener İnce,24
Ruhu,24
Diploma,24
Cenk Tosun,24
Aziz,24
İrfan,24
Narkotik,24
Arne Slot,24
10 Aralık Çarşamba,24
Kaan Ayhan,24
Uyuşturucu,24
Syria,24
Harekete Geçin Artık,24
#KPSS2024SbAtama,24
#BoykotDedektifiEngellenemez,24
Emre Albayrak,24
#Çatlı,24
Ekrem İmamoğlu,24
Come to Fenerbahçe,24
PFDK'ya,24
#koruyorum,24
#umudumvar,24
Japonya'da 7.2,24
Djalo,24
Orban,24
BakPostacıGeliyor OzanAkbaba,24
Hakim,24
İstanbul Çekmeköy,24
Sendikamızın,24
Suriye,24
Becao,24
Beşiktaş - Gaziantep FK,24
16 Şubat,24
Ahmet Çakar,24
Konya Kulu Adliyesi'nde,24
Mohamed Salah,24
Milletimizin Başı Sağ Olsun,24
Monaco,24
İdam,24
Şehidimize Allah'tan,24
Cevdet Yılmaz,24
Emniyet Teşkilatımıza,24
Mekanı,24
Kabe,24
Jakobs,24
Yavuz Ağıralioğlu,24
9 Aralık Salı,24
Esad,24
Numan Kurtulmuş,24
Saddam,24
Yener İnce,24
Ruhu,24
Diploma,24
Cenk Tosun,24
Aziz,24
İrfan,24
Narkotik,24
Arne Slot,24
10 Aralık Çarşamba,24
Kaan Ayhan,24
Uyuşturucu,24
Syria,24
Harekete Geçin Artık,24
