rank,kaynak_dosya,urun_adi,fiyat,potansiyel_skoru,not
1,google_trends_168.csv,Sadettin S.,500 B+,90,
2,google_trends_168.csv,Fenerbahçe - Beşiktaş,2 Mn+,95,
4,google_trends_168.csv,Asgari Ücret 2026,1 Mn+,88,
7,google_trends_168.csv,Memur Zammı 2026,100 B+,85,
39,google_trends_168.csv,Gençlerbirliği - Trabzon,500 B+,80,
47,google_trends_168.csv,Cristiano R.,500+,92,
48,google_trends_168.csv,Galatasaray - Kasımpaşa,500 B+,87,
53,google_trends_168.csv,AFC Kupası,500+,90,#AFC #Kupa
59,google_trends_168.csv,Cezayir,500+,85,#Cezayir
62,google_trends_168.csv,Şivlilik,500+,80,#Şivlilik
67,google_trends_168.csv,A. Joshua,100,75,#Joshua #Boks
68,google_trends_168.csv,Başakşehir - Gaziantep,100,80,#Başakşehir #Gaziantep
74,google_trends_168.csv,S. Saran - H. Avşar,100+,85,#Saran #Avşar
78,google_trends_168.csv,Ezan Vakti,100,90,#Ezan
81,google_trends_168.csv,Gram Altın,100,95,#Altın
89,google_trends_168.csv,Eşref Rüya,100,80,#Eşref #Rüya
91,google_trends_168.csv,Galatasaray - Başakşehir,200,85,#Galatasaray #Başakşehir
96,google_trends_168.csv,Şenol Güneş,200+,75,#Güneş
99,google_trends_168.csv,Talavera - Real Madrid,100,80,#Talavera #RealMadrid
109,google_trends_168.csv,BJK - RZSP,100 B+,90,#Futbol #Spor
142,google_trends_168.csv,SSP,100 B+,88,#Futbol #Spor
124,google_trends_168.csv,BF,500+,85,#Haber #Ekonomi
137,google_trends_168.csv,Sömestr,500+,80,#Eğitim #Tatil
151,google_trends_168.csv,bim hisse,B+,90,
156,google_trends_168.csv,epic games ücretsiz,B+,80,
168,google_trends_168.csv,lig puan durumu,B+,75,
175,google_trends_168.csv,tomarza,200+,70,
195,google_trends_168.csv,manchester city - brentford,B+,85,
200,google_trends_168.csv,hızlı ve öfkeli 11,B+,80,
201,google_trends_168.csv,Algeria-Sudan,100+,90,#Algeria #Sudan
220,google_trends_168.csv,Bağdat Yangın,200+,85,#Bağdat #Yangın
228,google_trends_168.csv,Spurs-Thunder,500+,88,#Spurs #Thunder
250,google_trends_168.csv,Ümit Özdağ,100+,92,#ÜmitÖzdağ
270,google_trends_168.csv,Avengers Doomsday,200+,90,#Avengers #Doomsday
280,google_trends_168.csv,BBC,500+,95,#BBC
289,google_trends_168.csv,Suns - Lakers,500+,92,#Suns #Lakers
296,google_trends_168.csv,Tunus - Uganda,500+,88,#Tunus #Uganda
281,google_trends_168.csv,Championship,200+,85,#Championship
282,google_trends_168.csv,Feyza Civelek,100+,87,#FeyzaCivelek
301,google_trends_168.csv,anadolujet,200+,90,
302,google_trends_168.csv,nicki minaj,200+,88,
303,google_trends_168.csv,oyak çimento,1 B+,85,
304,google_trends_168.csv,fc alverca - porto,2 B+,80,
316,google_trends_168.csv,rashica,500+,87,
324,google_trends_168.csv,konya,500+,82,
331,google_trends_168.csv,caldas sc - braga,500+,86,
346,google_trends_168.csv,asgari ücret,500+,89,
350,google_trends_168.csv,airporthaber,500+,84,
352,google_trends_168.csv,doha,500+,90,#doha
357,google_trends_168.csv,warriors-magic,500+,88,#NBA
365,google_trends_168.csv,nuggets-jazz,500+,87,#NBA
374,google_trends_168.csv,kuruluş-orhan,500+,85,#dizi
383,google_trends_168.csv,chobani,500+,86,#gıda
384,google_trends_168.csv,exxen,500+,89,#platform
388,google_trends_168.csv,fb-bjk,500+,91,#derbi
391,google_trends_168.csv,hafsanur,500+,92,#fenomen
398,google_trends_168.csv,altın-grafik,500+,84,#finans
403,google_trends_168.csv,Akor Adams,200+,90,#Akor #Müzik
413,google_trends_168.csv,Evan Ferguson,500+,95,#Futbol #Yetenek
417,google_trends_168.csv,Meloni,100+,80,#Politika
419,google_trends_168.csv,Mısır,500+,92,#Gıda #Sağlık
425,google_trends_168.csv,Bayern - Hapoel,500+,88,#Futbol #Maç
428,google_trends_168.csv,Afra Saraçoğlu,500+,85,#Ünlü #Dizi
429,google_trends_168.csv,Giray Altınok,500+,87,#Futbol #Hakem
431,google_trends_168.csv,Fedon,500+,83,#Müzik #Sanatçı
433,google_trends_168.csv,Demokratik Kongo - Benin,500+,90,#Futbol #Maç
434,google_trends_168.csv,David Neres,500+,91,#Futbol #Yetenek
439,google_trends_168.csv,Tammy Abraham,500+,94,#Futbol #Yetenek
446,google_trends_168.csv,Farah Zeynep,500+,86,#Müzik #Sanatçı
454,google_trends_168.csv,al hilal,500+,90,#alhilal
461,google_trends_168.csv,elektrik kesintisi,500+,85,#elektrikkesintisi
466,google_trends_168.csv,ankara su kesintisi,500+,80,#ankarasukesintisi
474,google_trends_168.csv,ümit dikbayır,500+,75,#ümitdikbayır
480,google_trends_168.csv,genoa,500+,70,#genoa
484,google_trends_168.csv,haydar fenerbahçe,500+,85,#haydarfenerbahçe
485,google_trends_168.csv,epic games,100+,90,#epicgames
491,google_trends_168.csv,egypt vs zimbabwe,200+,80,#egyptvszimbabwe
495,google_trends_168.csv,redmond,200+,75,#redmond
499,google_trends_168.csv,djalo,200+,70,#djalo
505,google_trends_168.csv,Muşspor,500+,90,#Muşspor
511,google_trends_168.csv,Manuel Ugarte,500+,85,#ManuelUgarte
515,google_trends_168.csv,Marcão,500+,80,#Marcão
516,google_trends_168.csv,Portekiz Süper Ligi,500+,75,#PortekizSüperLigi
520,google_trends_168.csv,Balıkesirspor,500+,80,#Balıkesirspor
525,google_trends_168.csv,Fanil Sarvarov,500+,70,#FanilSarvarov
530,google_trends_168.csv,Incendies,500+,75,#Incendies
548,google_trends_168.csv,Alina Boz,500+,85,#AlinaBoz
549,google_trends_168.csv,Tufan,500+,80,#Tufan
550,google_trends_168.csv,Man. City - West Ham,500+,90,#ManCity #WestHam
551,google_trends_168.csv,eve,1 B+,60,
552,google_trends_168.csv,mark levin,500+,70,
554,google_trends_168.csv,demir ege,200+,65,
555,google_trends_168.csv,survivor 2026,2 B+,80,
557,google_trends_168.csv,bosch,500+,75,
559,google_trends_168.csv,abdurrahim,500+,70,
564,google_trends_168.csv,basel,500+,75,
567,google_trends_168.csv,demet akalın,500+,80,
569,google_trends_168.csv,altın s1,500+,70,
574,google_trends_168.csv,ben leman,500+,65,
582,google_trends_168.csv,onana,500+,75,
586,google_trends_168.csv,everton-arsenal,500+,80,
589,google_trends_168.csv,valencia fc,500+,75,
590,google_trends_168.csv,club brugge,500+,70,
591,google_trends_168.csv,deniz barut,500+,65,
592,google_trends_168.csv,cengiz çandar,500+,70,
596,google_trends_168.csv,izlanda,500+,75,
598,google_trends_168.csv,survivor,500+,85,
599,google_trends_168.csv,s sport,500+,70,
601,google_trends_168.csv,Bedaş,500+,80,
606,google_trends_168.csv,Wordle,1 B+,90,
607,google_trends_168.csv,Steam Kış İndirimleri,1 B+,85,
620,google_trends_168.csv,Galatasaray Fikstür,500+,75,
623,google_trends_168.csv,Elon Musk,500+,88,
636,google_trends_168.csv,Turkish Airlines Euroleague,1 B+,82,
646,google_trends_168.csv,De Vrij,500+,78,
647,google_trends_168.csv,Bournemouth,500+,76,
651,google_trends_168.csv,as,100+,90,#Trend
655,google_trends_168.csv,yozgat bozokspor,500+,85,#Trend
656,google_trends_168.csv,hava durumu antalya,500+,80,#Trend
659,google_trends_168.csv,samet akaydın,500+,75,#Trend
661,google_trends_168.csv,süper lig fikstür,1 B+,70,#Trend
668,google_trends_168.csv,brawl stars,500+,85,#Trend
673,google_trends_168.csv,la la land,500+,80,#Trend
678,google_trends_168.csv,safonov,500+,75,#Trend
690,google_trends_168.csv,call of duty,500+,85,#Trend
694,google_trends_168.csv,suudi arabistan,500+,80,#Trend
698,google_trends_168.csv,leonardo dicaprio,500+,75,#Trend
707,google_trends_168.csv,Alanya,500+,90,#Alanya #Turizm
708,google_trends_168.csv,Osimhen,500+,88,#Osimhen #Futbol
715,google_trends_168.csv,18 Aralık,500+,85,#Tarih #ÖnemliGün
717,google_trends_168.csv,Flamengo PSG,500+,87,#Flamengo #PSG #Futbol
720,google_trends_168.csv,Çılgın Loto,1 B+,92,#Loto #ŞansOyunları
730,google_trends_168.csv,Halkbank Promosyon,500+,86,#Halkbank #Promosyon
745,google_trends_168.csv,Fenerbahçe Maçı,500+,89,#Fenerbahçe #Futbol
748,google_trends_168.csv,Ersin Tatar,500+,84,#ErsinTatar #Spor
754,google_trends_168.csv,Halka Arz,500+,90,#HalkaArz
757,google_trends_168.csv,İstiklal Marşı,500+,85,#İstiklalMarşı
759,google_trends_168.csv,A101 Kataloğu,500+,88,#A101
760,google_trends_168.csv,GS Maç,500+,87,#GSMaç
766,google_trends_168.csv,Newcastle,500+,85,#Newcastle
770,google_trends_168.csv,TV İzle,500+,90,#TVİzle
771,google_trends_168.csv,TVE La 1,500+,85,#TVELa1
782,google_trends_168.csv,Çanakkale Deprem,200+,80,#ÇanakkaleDeprem
787,google_trends_168.csv,Dwayne Johnson,200+,82,#DwayneJohnson
789,google_trends_168.csv,ÖSYM Giriş,200+,80,#ÖSYMGiriş
795,google_trends_168.csv,Galatasaray - Trabzonspor,100+,75,#GalatasarayTrabzonspor
801,google_trends_168.csv,Tuncay Arslan,100+,90,#TuncayArslan
802,google_trends_168.csv,Rize,200+,85,#Rize
803,google_trends_168.csv,Gökalp İçer,200+,88,#Gökalpİçer
804,google_trends_168.csv,Mert Demir,200+,87,#MertDemir
820,google_trends_168.csv,MEB,500+,92,#MEB
824,google_trends_168.csv,NBA,500+,95,#NBA
831,google_trends_168.csv,Fallout 2. Sezon,200+,89,#Fallout
834,google_trends_168.csv,Cemre Baysel,500+,91,#CemreBaysel
844,google_trends_168.csv,Serenay Sarıkaya,200+,90,#SerenaySarıkaya
851,google_trends_168.csv,Torino FC,100+,90,#Futbol #Torino
852,google_trends_168.csv,Okan B.,200+,85,#TV #Okan
853,google_trends_168.csv,Yavuz G.,200+,80,#TV #Yavuz
857,google_trends_168.csv,FIFA K. K.,200+,88,#Futbol #FIFA
862,google_trends_168.csv,2. Lig,200+,75,#Futbol #Lig
864,google_trends_168.csv,A Spor,200+,85,#TV #Spor
877,google_trends_168.csv,ABD Enfl.,200+,82,#Ekonomi #ABD
878,google_trends_168.csv,Teknoloji H.,200+,90,#Teknoloji #Haber
885,google_trends_168.csv,Kapalı Ç.,200+,78,#Pazar #Kapalı
890,google_trends_168.csv,Fethiye S.,200+,80,#Futbol #Fethiye
895,google_trends_168.csv,Yapay Z.,100+,92,#Teknoloji #Yapay
901,google_trends_168.csv,A. Costa,100+,90,
902,google_trends_168.csv,Influencer,100+,85,
903,google_trends_168.csv,S. Levendoğlu,100+,88,
909,google_trends_168.csv,S. Şahin,200+,92,
915,google_trends_168.csv,Taşacak Bu Deniz,200+,90,
919,google_trends_168.csv,A. Üniversitesi,200+,91,
921,google_trends_168.csv,Sahipsizler Fragman,100+,87,
925,google_trends_168.csv,M. Döngel,100+,86,
907,google_trends_168.csv,Çanakkale,100+,84,
29,google_trends_24.csv,CR7,500+,90,#CristianoRonaldo
31,google_trends_24.csv,B.Ö.,500+,85,#BeyazıtÖztürk
33,google_trends_24.csv,A.S.,500+,88,#AlexanderSörloth
36,google_trends_24.csv,C.M.T.,500+,80,#Cezayir
56,google_trends_24.csv,S.T.,500+,75,#SömestrTatili
65,google_trends_24.csv,S.Y.A.,500+,82,#ShowYayınAkışı
72,google_trends_24.csv,H.F.,500+,78,#HakanFidan
76,google_trends_24.csv,S. Özcan,100+,90,#SosyalMedya
79,google_trends_24.csv,E. Çetin,500+,95,#SosyalMedya
81,google_trends_24.csv,FB Beko,10 B+,92,#SosyalMedya
85,google_trends_24.csv,KYK TL 2026,500+,88,#SosyalMedya
90,google_trends_24.csv,A. Sudan,100+,85,#SosyalMedya
92,google_trends_24.csv,B. Caddesi Yangın,200+,87,#SosyalMedya
96,google_trends_24.csv,S. Thunder,500+,90,#SosyalMedya
100,google_trends_24.csv,Ü. Özdağ,100+,80,#SosyalMedya
117,google_trends_24.csv,T. Uganda,500+,89,#SosyalMedya
123,google_trends_24.csv,İ. Nasaf,500+,91,#SosyalMedya
124,google_trends_24.csv,D. Polat,100+,85,#SosyalMedya
125,google_trends_24.csv,at,1 B+,85,
126,google_trends_24.csv,rashica,500+,90,
129,google_trends_24.csv,libya tezkeresi,500+,88,
134,google_trends_24.csv,skriniar,500+,87,
138,google_trends_24.csv,airporthaber,500+,85,
140,google_trends_24.csv,mbwana,500+,86,
142,google_trends_24.csv,kuruluş orhan,500+,89,
143,google_trends_24.csv,chobani,500+,90,
144,google_trends_24.csv,exxen,500+,88,
146,google_trends_24.csv,hafsanur,500+,87,
152,google_trends_24.csv,rafa silva,500+,85,
155,google_trends_24.csv,afra,500+,86,
158,google_trends_24.csv,tammy,500+,89,
175,google_trends_24.csv,bloomberg ht,200+,90,
176,google_trends_24.csv,haydar fb,200+,85,
177,google_trends_24.csv,anlık altın,100+,80,
178,google_trends_24.csv,mc alger,100+,75,
179,google_trends_24.csv,gökhan sazdağı,200+,88,
180,google_trends_24.csv,stranger things,100+,82,
181,google_trends_24.csv,survivor 2026,100+,78,
182,google_trends_24.csv,epic games,100+,85,
183,google_trends_24.csv,ademola l.,200+,80,
184,google_trends_24.csv,semenyo,100+,70,
185,google_trends_24.csv,malta,100+,75,
186,google_trends_24.csv,bedaş,100+,70,
187,google_trends_24.csv,gazete m.,100+,72,
188,google_trends_24.csv,huawei,100+,76,
189,google_trends_24.csv,vs,100+,65,
65,instagram.csv,buschbeer,"33,390",95,#buschbeer
59,instagram.csv,botamontaria,"18,367",90,#botamontaria
54,instagram.csv,miacorvere,"15,254",88,#miacorvere
70,instagram.csv,merthan,"17,305",87,#merthan
38,instagram.csv,goodbyenganggur,"10,530",85,#goodbyenganggur
41,instagram.csv,artgallerybrisbane,"4,462",80,#artgallerybrisbane
78,instagram.csv,newyearhairstyle,"5,541",82,#newyearhairstyle
88,instagram.csv,#platecantik,"1,916",90,#platecantik
93,instagram.csv,#naturepage,"23,891",95,#naturepage
95,instagram.csv,#caspe,"40,559",92,#caspe
106,instagram.csv,#silverpearls,"12,095",88,#silverpearls
107,instagram.csv,#maquiagemamarela,"16,855",87,#maquiagemamarela
110,instagram.csv,#weddingphot,"15,299",90,#weddingphot
119,instagram.csv,#pinefurniture,"40,094",93,#pinefurniture
123,instagram.csv,#harbininstituteoftechnology,"33,308",89,#harbininstituteoftechnology
128,instagram.csv,#motivacionemprendedora,"37,486",91,#motivacionemprendedora
136,instagram.csv,#smiledr,"1,295",75,#smiledr
137,instagram.csv,#pagarnusacepu,"9,457",80,#pagarnusacepu
147,instagram.csv,#campodeconcentracion,"10,575",85,#campodeconcentracion
151,instagram.csv,#kepitinghouse,"9,386",78,#kepitinghouse
157,instagram.csv,#setphoto,"14,085",82,#setphoto
183,instagram.csv,#popularairsoft,"16,661",90,#popularairsoft
176,instagram.csv,#horsemedicine,"28,325",88,#horsemedicine
186,instagram.csv,#microneedling,60,85,#microneedlingreno
187,instagram.csv,#stromspeicher,"14,193",90,#stromspeicher
189,instagram.csv,#bohobodyscrub,62,80,#bohobodyscrub
216,instagram.csv,#amazonkeratin,"28,796",88,#amazonkeratin
235,instagram.csv,#lifewithbabies,"20,712",87,#lifewithbabies
240,instagram.csv,#hotspot,"4,941",90,#hotspotinthealps
250,instagram.csv,#feedyourimagination,"14,410",88,#feedyourimagination
252,instagram.csv,#mogadipermudahkan,"35,402",92,#mogadipermudahkan
253,instagram.csv,#jca,"84,875",95,#jca
261,instagram.csv,#cachorros,"18,412",87,#cachorrosengracados
270,instagram.csv,#loeypark,"13,430",86,#loeypark
275,instagram.csv,#bridgeoflions,"13,821",89,#bridgeoflions
286,instagram.csv,#jyotibro,103,70,
290,instagram.csv,#6fanart,"6,263",80,
293,instagram.csv,#indianturism,"7,552",85,
299,instagram.csv,#docestropical,"8,481",90,
300,instagram.csv,#sarasotaweddingplanner,"16,990",95,
308,instagram.csv,#kedilerisevin,"26,036",90,
322,instagram.csv,#planetvenus,"14,488",85,
329,instagram.csv,#terbesardimalaysia,"15,617",88,
331,instagram.csv,#iberostargrandbavaro,"9,826",80,
336,instagram.csv,Gucci Parfüm,Fiyat,90,#gucciperfumes
344,instagram.csv,Organik Domuz,Fiyat,80,#organicpork
353,instagram.csv,Bahrain Sanatçıları,Fiyat,75,#bahrainartists
374,instagram.csv,Cappadocia Ziyareti,Fiyat,85,#visitcappadocia
345,instagram.csv,Grind Now,Fiyat,78,#grindnow
362,instagram.csv,Trophy Tuesday,Fiyat,82,#trophytuesday
370,instagram.csv,Wire Word,Fiyat,76,#wireword
381,instagram.csv,Küçük İşletme Sahibi,Fiyat,77,#kentsmallbusinessowner
386,instagram.csv,#lareinadelcarnaval,"1,566",75,#lareinadelcarnaval
388,instagram.csv,#staygdup,"7,852",80,#staygdup
391,instagram.csv,#mirandakonstantinidou,"23,363",90,#mirandakonstantinidou
393,instagram.csv,#verlassenabernichtvergessen,"16,425",85,#verlassenabernichtvergessen
395,instagram.csv,#walltowallcarpet,"14,602",80,#walltowallcarpet
399,instagram.csv,#noiceravamo,"20,689",90,#noiceravamo
413,instagram.csv,#glowmakeuplook,"32,039",95,#glowmakeuplook
427,instagram.csv,#nirvanalive,"20,286",90,#nirvanalive
428,instagram.csv,#festivaloutfitinspo,"13,129",85,#festivaloutfitinspo
436,instagram.csv,#bajukondanganseragam,297,60,#bajukondanganseragam
437,instagram.csv,#tinybikinis,"5,263",90,#tinybikinis
439,instagram.csv,#foundationsofyoga,"6,241",75,#foundationsofyoga
446,instagram.csv,#tiffanyandcompany,"24,187",95,#tiffanyandcompany
457,instagram.csv,#saintsebastien,"28,340",85,#saintsebastien
462,instagram.csv,#cannabiscosmetics,"3,808",70,#cannabiscosmetics
480,instagram.csv,#mantaparabebe,"19,513",80,#mantaparabebe
485,instagram.csv,#hikingdaily,"24,630",90,#hikingdaily
492,instagram.csv,wedding_naija,"90,631",90,#weddingsinnaija
494,instagram.csv,miami_puppy,"20,759",85,#miamipuppy
516,instagram.csv,makandi_rumahaja,"25,187",80,#makandirumahaja
520,instagram.csv,desi_food_lovers,"5,852",75,#desifoodlovers
519,instagram.csv,mountain_jam,"25,574",80,#mountainjam
548,instagram.csv,Melb. Ajansı,"19,998",90,#melbourneagency
550,instagram.csv,Rest. Valencia,"19,998",95,#restaurantesenvalencia
576,instagram.csv,Confiarendios,"25,043",88,#confiarendios
564,instagram.csv,Knotless Braids,"25,478",87,#knotlessbraidsmiami
551,instagram.csv,Mutlu Olmak İçin,"12,133",80,#mutluolmakicinkucukseyler
553,instagram.csv,Eyelash Korea,"4,071",75,#eyelasheskorea
582,instagram.csv,Humboldt Dogs,"3,776",78,#humboldtdogs
539,instagram.csv,Boobs Life,"3,286",70,#boobsforlife
558,instagram.csv,Cannabis Journey,"2,616",72,#cannabisjourney
541,instagram.csv,Jual Khimar Premium,"2,055",68,#jualkhimarpremium
547,instagram.csv,Lace Kurung,"2,847",69,#lacekurungmurahmalaysia
586,instagram.csv,#photographsunmori,31,60,
587,instagram.csv,#mattryanreal,"2,770",75,
588,instagram.csv,#budoniwelcome,"5,578",70,
589,instagram.csv,#fourrosesdistillery,"6,401",80,
591,instagram.csv,#picenodascoprire,"11,170",85,
596,instagram.csv,#sonynz,"25,581",90,
599,instagram.csv,#rishikeshcamping,"11,412",80,
614,instagram.csv,#mejuripartner,"52,971",95,
626,instagram.csv,#amazingeurope,"39,100",90,
628,instagram.csv,#travelgirlspakistan,"34,886",85,
645,instagram.csv,Grampians NP,"66,389",90,#grampiansnationalpark
655,instagram.csv,Profilaxis Dental,"66,978",88,#profilaxisdental
643,instagram.csv,Venerdi,"35,408",85,#venerdi17
662,instagram.csv,Maraschino,"18,667",80,#maraschinocherries
678,instagram.csv,Minhaviagem,"15,798",82,#minhaviagemlivre
647,instagram.csv,Taskecesolo,"10,469",75,#taskecesolo
666,instagram.csv,Ritmix,"10,395",78,#ritmix
673,instagram.csv,Triadanime,"9,394",76,#triadanimecon
683,instagram.csv,Reflexiones,"10,289",74,#reflexionesdedomingo
687,instagram.csv,#vempraprime,"35,748",90,#vempraprime
710,instagram.csv,#fragaddict,"25,145",88,#fragaddict
725,instagram.csv,#globexperformance,"22,060",87,#globexperformance
715,instagram.csv,#saccounty,"13,600",85,#saccounty
723,instagram.csv,#perthshops,"13,623",84,#perthshops
719,instagram.csv,#johannesburgweddingphotographer,"15,590",83,#johannesburgweddingphotographer
716,instagram.csv,#watercoloreffect,"24,737",82,#watercoloreffect
731,instagram.csv,#croatianblogger,"18,936",81,#croatianblogger
688,instagram.csv,#tvlnysquad,251,80,#tvlnysquad
736,instagram.csv,#malearmpit,"19,514",90,#malearmpit
774,instagram.csv,#cuirchevelu,"19,918",88,#cuirchevelu
779,instagram.csv,#oty,"29,171",92,#oty
780,instagram.csv,#naishahijab,"6,597",85,#naishahijab
785,instagram.csv,#browznbeauty,"6,753",87,#browznbeauty
786,instagram.csv,#pizzaroyalty,"1,446",90,#pizzaroyalty
788,instagram.csv,#walshtx,"1,508",85,#walshtx
790,instagram.csv,#carstop,"11,929",88,#carstop
796,instagram.csv,#kulitmenawan,"10,601",87,#kulitmenawan
797,instagram.csv,#createwithme,"30,736",95,#createwithme
810,instagram.csv,#hondenliefhebbers,"11,042",86,#hondenliefhebbers
815,instagram.csv,#houseplantsph,"73,868",92,#houseplantsph
831,instagram.csv,#pracovninasazeni,"7,788",84,#pracovninasazeni
850,instagram.csv,kpopblockparty,,90,#kpopblockparty
857,instagram.csv,soprogresso,,88,#soprogresso
858,instagram.csv,melanz,,92,#melanz
872,instagram.csv,onlyny,,95,#onlyny
879,instagram.csv,khomsa,,87,#khomsa
880,instagram.csv,polskastylistka,,85,#polskastylistka
886,instagram.csv,#actresshotbody,"4,274",90,#actresshotbody
887,instagram.csv,#shopsmalleveryday,"13,327",88,#shopsmalleveryday
899,instagram.csv,#fecoach,"15,134",92,#fecoach
1,tiktok_trends.csv,#baile,,85,#baile
2,tiktok_trends.csv,#fyr,,80,#fyr
3,tiktok_trends.csv,#dance,,90,#dance
11,tiktok_trends.csv,#trendingdance,,87,#trendingdance
34,tiktok_trends.csv,#viralvideos,,89,#viralvideos
36,tiktok_trends.csv,#fyp,N/A,90,#fyp
37,tiktok_trends.csv,#02,N/A,80,#02
38,tiktok_trends.csv,#fyppppppppppppppppppppppppppppppppppp,N/A,75,#fyppppppppppppppppppppppppppppppppppp
39,tiktok_trends.csv,#explore,N/A,85,#explore
40,tiktok_trends.csv,#тренд,N/A,70,#тренд
41,tiktok_trends.csv,#fyp,N/A,90,#fyp
42,tiktok_trends.csv,#trendy,N/A,80,#trendy
43,tiktok_trends.csv,#russiantrend,N/A,65,#russiantrend
44,tiktok_trends.csv,#vibe,N/A,75,#vibe
45,tiktok_trends.csv,#recommendations,N/A,70,#recommendations
46,tiktok_trends.csv,#fpy,N/A,80,#fpy
47,tiktok_trends.csv,#xuhong,N/A,65,#xuhong
48,tiktok_trends.csv,#fouryou,N/A,75,#fouryou
49,tiktok_trends.csv,#girlfirend,N/A,70,#girlfirend
50,tiktok_trends.csv,#dancetrends,N/A,85,#dancetrends
51,tiktok_trends.csv,#dancetrend,N/A,80,#dancetrend
52,tiktok_trends.csv,#costume,N/A,75,#costume
53,tiktok_trends.csv,#trending,N/A,85,#trending
54,tiktok_trends.csv,#transition,N/A,70,#transition
55,tiktok_trends.csv,#humor,N/A,65,#humor
56,tiktok_trends.csv,#duo,N/A,70,#duo
57,tiktok_trends.csv,#foryoupage,N/A,90,#foryoupage
58,tiktok_trends.csv,#girls,N/A,75,#girls
59,tiktok_trends.csv,#fypシ,N/A,80,#fypシ
60,tiktok_trends.csv,#tshirt,N/A,70,#tshirt
61,tiktok_trends.csv,#xuhongtiktok,N/A,65,#xuhongtiktok
62,tiktok_trends.csv,#makeup,N/A,85,#makeup
63,tiktok_trends.csv,#tiktokchallenge,N/A,80,#tiktokchallenge
64,tiktok_trends.csv,#halloween,N/A,75,#halloween
65,tiktok_trends.csv,#tiktoker,N/A,70,#tiktoker
66,tiktok_trends.csv,#oh,N/A,60,#oh
67,tiktok_trends.csv,#viraltiktok,N/A,85,#viraltiktok
68,tiktok_trends.csv,#fun,N/A,70,#fun
69,tiktok_trends.csv,#parati,N/A,65,#parati
70,tiktok_trends.csv,#highschool,N/A,75,#highschool
71,tiktok_trends.csv,#couplegoals,N/A,80,#couplegoals
72,tiktok_trends.csv,#catsoftiktok,N/A,70,#catsoftiktok
73,tiktok_trends.csv,#meme,N/A,65,#meme
74,tiktok_trends.csv,#fyyyyyy,N/A,60,#fyyyyyy
75,tiktok_trends.csv,#dancing,N/A,85,#dancing
76,tiktok_trends.csv,#goviral,N/A,80,#goviral
77,tiktok_trends.csv,#foryoupage❤️❤️,N/A,90,#foryoupage❤️❤️
78,tiktok_trends.csv,#animal,N/A,70,#animal
79,tiktok_trends.csv,#dança,N/A,65,#dança
80,tiktok_trends.csv,#мемы,N/A,60,#мемы
81,tiktok_trends.csv,#trendingreels,N/A,80,#trendingreels
82,tiktok_trends.csv,#trend??tiktok,N/A,70,#trend??tiktok
83,tiktok_trends.csv,#viralllllll,N/A,65,#viralllllll
84,tiktok_trends.csv,#magic,N/A,75,#magic
85,tiktok_trends.csv,#paratii,N/A,70,#paratii
86,tiktok_trends.csv,couple,N/A,75,#couple
88,tiktok_trends.csv,trend,N/A,80,#trend
90,tiktok_trends.csv,newtrend,N/A,85,#newtrend
95,tiktok_trends.csv,challenge,N/A,78,#challenge
98,tiktok_trends.csv,dancechallenge,N/A,82,#dancechallenge
108,tiktok_trends.csv,viralvideo,N/A,90,#viralvideo
115,tiktok_trends.csv,trendingvideo,N/A,88,#trendingvideo
118,tiktok_trends.csv,beauty,N/A,80,#beauty
120,tiktok_trends.csv,popular,N/A,85,#popular
124,tiktok_trends.csv,gmx8,N/A,70,#gmx8
12,twitter_trends.csv,DirtyDisinfo,N/A,75,#DirtyDisinformation
13,twitter_trends.csv,Dilan P.,N/A,70,#DilanPolat
22,twitter_trends.csv,Fatih T.,N/A,80,#FatihTerim
34,twitter_trends.csv,Ali K.,N/A,65,#AliKoç
43,twitter_trends.csv,Aziz Y.,N/A,60,#AzizYıldırım
51,twitter_trends.csv,FenerBizim,N/A,85,#FenerBizimSaranBizim
212,twitter_trends.csv,#EmeklininMaaşı,N/A,90,#Emekli #Maaş
217,twitter_trends.csv,Christmas,N/A,80,#Noel #Kutlama
220,twitter_trends.csv,Fatih Terim,N/A,75,#Futbol #Terim
222,twitter_trends.csv,#MahkumAilesi,N/A,70,#Siyasi #Oy
249,twitter_trends.csv,Mutlu Noeller,N/A,85,#Noel #Kutlama
250,twitter_trends.csv,WE ARE CLEAN,N/A,80,#Temizlik #Kampanya
258,twitter_trends.csv,Neymar,N/A,90,#Futbol #Yetenek
412,twitter_trends.csv,Pozitif,N/A,75,N/A
413,twitter_trends.csv,#BozdurBozdurHarca,N/A,80,#BozdurBozdurHarca
414,twitter_trends.csv,Ezgi Fındık,N/A,70,N/A
415,twitter_trends.csv,#BIMAS,N/A,85,#BIMAS
417,twitter_trends.csv,Koko,N/A,65,N/A
419,twitter_trends.csv,EnBüyükSuçlu,N/A,60,N/A
425,twitter_trends.csv,WE ARE CLEAN,N/A,90,#WEARECLEAN
432,twitter_trends.csv,Merry Christmas,N/A,75,N/A
450,twitter_trends.csv,Haymana,N/A,70,N/A
452,twitter_trends.csv,Neymar,N/A,80,N/A
460,twitter_trends.csv,#MahkumAilesindenCHPyeOyYok,N/A,85,#MahkumAilesindenCHPyeOyYok
462,twitter_trends.csv,Pozitif,N/A,75,N/A
463,twitter_trends.csv,Ezgi Fındık,N/A,80,N/A
464,twitter_trends.csv,#BIMAS,N/A,90,#BIMAS
465,twitter_trends.csv,Rezan E.,N/A,70,N/A
466,twitter_trends.csv,Koko,N/A,85,N/A
467,twitter_trends.csv,Serhat,N/A,65,N/A
471,twitter_trends.csv,Fenerbahçeliler,N/A,80,N/A
482,twitter_trends.csv,Merry X-mas,N/A,75,N/A
494,twitter_trends.csv,Gazoz,N/A,80,N/A
497,twitter_trends.csv,Dolar,N/A,90,N/A
502,twitter_trends.csv,Neymar,N/A,85,N/A
512,twitter_trends.csv,CLEAN,N/A,90,#WEARECLEAN
513,twitter_trends.csv,Taurasi,N/A,80,
514,twitter_trends.csv,Emekli Maaşı,N/A,75,#EmeklininMaaşıEnAz50BinOlmalı
516,twitter_trends.csv,Koko,N/A,70,
520,twitter_trends.csv,Lube,N/A,65,
538,twitter_trends.csv,Dolar,N/A,85,
541,twitter_trends.csv,Falcon 50,N/A,75,
550,twitter_trends.csv,Ela Ruemeysa,N/A,80,
562,twitter_trends.csv,Pozitif,N/A,75,#Pozitif
563,twitter_trends.csv,Lube,N/A,70,#Lube
564,twitter_trends.csv,Libya,N/A,65,#Libya
565,twitter_trends.csv,Depozito,N/A,80,#Depozito
570,twitter_trends.csv,Koko,N/A,60,#Koko
579,twitter_trends.csv,Falcon 50,N/A,85,#Falcon50
580,twitter_trends.csv,Dolar,N/A,90,#Dolar
588,twitter_trends.csv,ElaRuemeysa,N/A,75,#ElaRuemeysaCebeci
590,twitter_trends.csv,asgariücret,N/A,80,#asgariücret
601,twitter_trends.csv,Neymar,N/A,85,#Neymar
602,twitter_trends.csv,Kokain,N/A,70,#Kokain
612,twitter_trends.csv,Falcon 50,N/A,90,#Falcon50
640,twitter_trends.csv,asgariücret,N/A,80,#asgariücret
641,twitter_trends.csv,FBvBJK,N/A,75,#FBvBJK
642,twitter_trends.csv,BuTopraktaİzinVar,N/A,70,#BuTopraktaİzinVar
644,twitter_trends.csv,BozdurBozdurHarca,N/A,65,#BozdurBozdurHarca
690,twitter_trends.csv,#asgariücret,Fiyat,90,#asgariücret
691,twitter_trends.csv,#FBvBJK,Fiyat,88,#FBvBJK
692,twitter_trends.csv,#Çarşamba,Fiyat,85,#Çarşamba
693,twitter_trends.csv,#BozdurBozdurHarca,Fiyat,87,#BozdurBozdurHarca
694,twitter_trends.csv,#BuTopraktaİzinVar,Fiyat,86,#BuTopraktaİzinVar
712,twitter_trends.csv,Falcon 50,N/A,90,#Falcon50
740,twitter_trends.csv,#asgariücret,N/A,80,#asgariücret
748,twitter_trends.csv,FB-BJK,N/A,75,#FenerbahçeBeşiktaş
862,twitter_trends.csv,Eyüp,N/A,75,N/A
863,twitter_trends.csv,9H-DFJ,N/A,70,N/A
865,twitter_trends.csv,Jurasek,N/A,80,N/A
866,twitter_trends.csv,Kadıköy,N/A,85,N/A
868,twitter_trends.csv,Galata,N/A,90,N/A
870,twitter_trends.csv,Umut,N/A,75,N/A
890,twitter_trends.csv,#asgariücret,N/A,95,N/A
891,twitter_trends.csv,#FBvBJK,N/A,80,N/A
892,twitter_trends.csv,#BuTopraktaİzinVar,N/A,85,N/A
897,twitter_trends.csv,#salı,N/A,70,N/A
899,twitter_trends.csv,#KademeErtelenemez,N/A,80,N/A
1012,twitter_trends.csv,haberscoop,N/A,75,N/A
1013,twitter_trends.csv,Jurasek,N/A,70,N/A
1014,twitter_trends.csv,Eyüp,N/A,80,N/A
1016,twitter_trends.csv,Umut E.,N/A,65,N/A
1017,twitter_trends.csv,Galata K.,N/A,90,N/A
1020,twitter_trends.csv,Kadıköy,N/A,85,N/A
1040,twitter_trends.csv,#asgariücret,N/A,95,N/A
1041,twitter_trends.csv,#FBvBJK,N/A,90,N/A
1046,twitter_trends.csv,FB - BJK,N/A,88,N/A
1053,twitter_trends.csv,BenLeman D+,N/A,75,N/A
1112,twitter_trends.csv,Ligde,N/A,75,N/A
1115,twitter_trends.csv,BenLeman,N/A,80,N/A
1116,twitter_trends.csv,Şehit Çocukları Günü,N/A,70,N/A
1118,twitter_trends.csv,Semedo,N/A,65,N/A
1120,twitter_trends.csv,Rakip 10,N/A,60,N/A
1124,twitter_trends.csv,Asensio,N/A,75,N/A
1138,twitter_trends.csv,Makarna,N/A,85,N/A
1140,twitter_trends.csv,#BuTopraktaİzinVar,N/A,90,Hashtag
1142,twitter_trends.csv,#FBvBJK,N/A,80,Hashtag
1145,twitter_trends.csv,#asgariücret,N/A,85,Hashtag
451,twitter_trends_tagged.csv,Sadettin S.,N/A,75,#SadettinSaran
452,twitter_trends_tagged.csv,Neymar,N/A,80,#Neymar
454,twitter_trends_tagged.csv,Ali K.,N/A,70,#AliKoç
457,twitter_trends_tagged.csv,Aziz Y.,N/A,65,#AzizYıldırım
462,twitter_trends_tagged.csv,Pozitif,N/A,60,#Pozitif
501,twitter_trends_tagged.csv,Neymar,Fiyat,90,#Neymar
507,twitter_trends_tagged.csv,#BozdurBozdurHarca,Fiyat,88,#BozdurBozdurHarca
514,twitter_trends_tagged.csv,#EmeklininMaaşı50Bin,Fiyat,85,#EmeklininMaaşıEnAz50BinOlmalı
579,twitter_trends_tagged.csv,Falcon 50,N/A,90,#Falcon50
601,twitter_trends_tagged.csv,Neymar,N/A,85,#Neymar
605,twitter_trends_tagged.csv,Açlık,N/A,80,#Açlık
612,twitter_trends_tagged.csv,Falcon 50,N/A,90,#Falcon50
740,twitter_trends_tagged.csv,#asgariücret,N/A,90,#asgariücret
741,twitter_trends_tagged.csv,#FBvBJK,N/A,85,#FBvBJK
742,twitter_trends_tagged.csv,#Çarşamba,N/A,80,#Çarşamba
743,twitter_trends_tagged.csv,#BuTopraktaİzinVar,N/A,75,#BuTopraktaİzinVar
744,twitter_trends_tagged.csv,#BozdurBozdurHarca,N/A,70,#BozdurBozdurHarca
751,twitter_trends_tagged.csv,Açlık,N/A,65,Açlık
759,twitter_trends_tagged.csv,Falcon 50,N/A,60,Falcon 50
762,twitter_trends_tagged.csv,Dünya Şehit Çocukları Günü,N/A,55,Dünya Şehit Çocukları Günü
773,twitter_trends_tagged.csv,Jayden,N/A,75,N/A
774,twitter_trends_tagged.csv,Umut,N/A,70,N/A
775,twitter_trends_tagged.csv,Galata,N/A,80,N/A
788,twitter_trends_tagged.csv,Neymar,N/A,85,N/A
790,twitter_trends_tagged.csv,#asgariücret,N/A,90,N/A
791,twitter_trends_tagged.csv,#FBvBJK,N/A,88,N/A
793,twitter_trends_tagged.csv,#BuTopraktaİzinVar,N/A,82,N/A
806,twitter_trends_tagged.csv,Falcon,N/A,78,N/A
807,twitter_trends_tagged.csv,Şehit Çocukları,N/A,76,N/A
815,twitter_trends_tagged.csv,Kadıköy,N/A,74,N/A
823,twitter_trends_tagged.csv,Oster,N/A,70,N/A
824,twitter_trends_tagged.csv,Bekçi H.,N/A,65,N/A
825,twitter_trends_tagged.csv,Anadolu,N/A,75,N/A
826,twitter_trends_tagged.csv,Tedesco,N/A,60,N/A
827,twitter_trends_tagged.csv,Penaltı,N/A,80,N/A
840,twitter_trends_tagged.csv,#asgariücret,N/A,90,N/A
841,twitter_trends_tagged.csv,#FBvBJK,N/A,85,N/A
843,twitter_trends_tagged.csv,#BuTopraktaİzinVar,N/A,88,N/A
857,twitter_trends_tagged.csv,Dünya Şehit Ç.,N/A,75,N/A
860,twitter_trends_tagged.csv,Hayırlı S.,N/A,70,N/A
1001,twitter_trends_tagged.csv,Açlık,24,90,
1003,twitter_trends_tagged.csv,BenLeman DisneyPlusa,24,80,
1008,twitter_trends_tagged.csv,Falcon 50,24,75,
1010,twitter_trends_tagged.csv,Dünya Şehit Çocukları Günü,24,85,
1073,twitter_trends_tagged.csv,Asensio,N/A,75,N/A
1074,twitter_trends_tagged.csv,Tedesco,N/A,70,N/A
1090,twitter_trends_tagged.csv,#BuTopraktaİzinVar,N/A,80,#Hashtag
1092,twitter_trends_tagged.csv,#FBvBJK,N/A,85,#Hashtag
1101,twitter_trends_tagged.csv,#RüyaGibi,N/A,90,#Hashtag
1115,twitter_trends_tagged.csv,BenLeman DisneyPlusa,N/A,78,N/A
1116,twitter_trends_tagged.csv,Dünya Şehit Çocukları Günü,N/A,82,N/A
1123,twitter_trends_tagged.csv,Dolar,24,90,
1124,twitter_trends_tagged.csv,Asensio,24,80,
1125,twitter_trends_tagged.csv,Ziraat,24,75,
1135,twitter_trends_tagged.csv,Benfica,24,70,
1142,twitter_trends_tagged.csv,#FBvBJK,24,85,
1153,twitter_trends_tagged.csv,Falcon,50 24,88,
1164,twitter_trends_tagged.csv,Dünya Şehit Çocukları Günü,24,80,
34,youtube_trends.csv,Komik Yorumlar,N/A,90,#komikyorumlar
36,youtube_trends.csv,Sevgilim,N/A,75,#yeni
51,youtube_trends.csv,Telefon,N/A,80,#yeni
53,youtube_trends.csv,Samsung,N/A,85,#yeni
28,youtube_trends_tag.csv,iPhone,Fiyat,90,#iphone
53,youtube_trends_tag.csv,Samsung,Fiyat,85,#samsung
54,youtube_trends_tag.csv,Trailer,Fiyat,80,#trailer
1,google_trends_168.csv,sadettin saran,500 B+,90,,
2,google_trends_168.csv,fenerbahçe - beşiktaş,2 Mn+,95,,
3,google_trends_168.csv,regaip kandili,500 B+,80,,
4,google_trends_168.csv,asgari ücret,1 Mn+,85,,
5,google_trends_168.csv,samsunspor - eyüpspor,20 B+,75,,
6,google_trends_168.csv,musaba,100 B+,70,,
7,google_trends_168.csv,memur zammı,100 B+,80,,
39,google_trends_168.csv,gençlerbirliği - trabzonspor,500 B+,85,,
47,google_trends_168.csv,cristiano ronaldo,500+,90,,
48,google_trends_168.csv,galatasaray - kasımpaşa,500 B+,85,,
53,google_trends_168.csv,afc kupası,500+,90,,
59,google_trends_168.csv,cezayir,500+,85,,
67,google_trends_168.csv,anthony joshua,100,80,,
68,google_trends_168.csv,başakşehir - gaziantep fk,100,80,,
74,google_trends_168.csv,sadettin saran hülya avşar,100+,75,,
78,google_trends_168.csv,ezan vakti,100,85,,
81,google_trends_168.csv,gram altın,100,90,,
85,google_trends_168.csv,eyüpspor - fenerbahçe,500,80,,
89,google_trends_168.csv,eşref rüya 26 bölüm,100,75,,
91,google_trends_168.csv,galatasaray - başakşehir,200,80,,
96,google_trends_168.csv,şenol güneş,200+,75,,
99,google_trends_168.csv,talavera - real madrid,100,80,,
1,google_trends_168.csv,samsunspor,,100,,
2,google_trends_168.csv,burkina faso,,95,,
3,google_trends_168.csv,sömestr tatili,,90,,
4,google_trends_168.csv,beşiktaş - rizespor,,85,,
5,google_trends_168.csv,göztepe - samsunspor,,80,,
1,google_trends_168.csv,bim hisse,B+,90,,
2,google_trends_168.csv,canlı tv izle,B+,80,,
10,google_trends_168.csv,aston villa - manchester united,B+,75,,
10,google_trends_168.csv,epic games ücretsiz oyunu,B+,85,,
50,google_trends_168.csv,lig puan durumu,B+,70,,
200,google_trends_168.csv,hızlı ve öfkeli 11,B+,65,,
1,google_trends_168.csv,algérie – soudan,100+,90,,
2,google_trends_168.csv,semavi siverek,500+,85,,
3,google_trends_168.csv,spurs - thunder,500+,80,,
4,google_trends_168.csv,muhasebetr,500+,75,,
5,google_trends_168.csv,fatih ürek,10,70,,
6,google_trends_168.csv,emekli maaşı zammı,5,65,,
7,google_trends_168.csv,japonya merkez bankası,10,60,,
280,google_trends_168.csv,bbc,500+,90,,
289,google_trends_168.csv,suns - lakers,500+,88,,
281,google_trends_168.csv,championship,200+,85,,
270,google_trends_168.csv,avengers doomsday,200+,80,,
266,google_trends_168.csv,ankaragücü,5 B+,75,,
265,google_trends_168.csv,kızılcık şerbeti,20 B+,70,,
301,google_trends_168.csv,anadolujet,200+,85,,
302,google_trends_168.csv,nicki minaj,200+,80,,
303,google_trends_168.csv,oyak çimento,1 B+,90,,
304,google_trends_168.csv,fc alverca - porto,2 B+,75,,
306,google_trends_168.csv,meryem boz,2 B+,70,,
308,google_trends_168.csv,konyaspor,10 B+,85,,
310,google_trends_168.csv,dilan polat,100+,65,,
313,google_trends_168.csv,a spor canlı,20 B+,80,,
315,google_trends_168.csv,bim aktüel,2 B+,75,,
316,google_trends_168.csv,rashica,500+,85,,
324,google_trends_168.csv,konya,500+,80,,
331,google_trends_168.csv,caldas sc - braga,500+,75,,
334,google_trends_168.csv,trt spor yıldız,500+,85,,
346,google_trends_168.csv,asgari ücret,500+,90,,
350,google_trends_168.csv,airporthaber,500+,80,,
351,google_trends_168.csv,endeksa,B+,70,,
352,google_trends_168.csv,doha,500+,90,,
353,google_trends_168.csv,şemsi inkaya,B+,75,,
354,google_trends_168.csv,a haber,B+,80,,
355,google_trends_168.csv,call of duty,B+,85,,
357,google_trends_168.csv,warriors - magic,500+,88,,
359,google_trends_168.csv,tottenham - liverpool,5 B+,90,,
365,google_trends_168.csv,nuggets - jazz,500+,85,,
366,google_trends_168.csv,mbwana samatta,500+,80,,
374,google_trends_168.csv,kuruluş orhan,500+,90,,
383,google_trends_168.csv,chobani,500+,85,,
384,google_trends_168.csv,exxen,500+,88,,
388,google_trends_168.csv,fen - bes,500+,90,,
391,google_trends_168.csv,hafsanur,500+,85,,
392,google_trends_168.csv,real madrid,10 B+,95,,
393,google_trends_168.csv,asgari ücret,10 B+,80,,
398,google_trends_168.csv,altın grafik,500+,85,,
400,google_trends_168.csv,payco,500+,80,,
401,google_trends_168.csv,juventus-roma,5 B+,85,,
402,google_trends_168.csv,istanbul namaz,5 B+,80,,
403,google_trends_168.csv,akor adams,200+,90,,
404,google_trends_168.csv,gta 6,1 B+,75,,
413,google_trends_168.csv,evan ferguson,500+,95,,
425,google_trends_168.csv,bayern-hapoel,500+,90,,
428,google_trends_168.csv,afra saraçoğlu,500+,85,,
429,google_trends_168.csv,giray altınok,500+,80,,
431,google_trends_168.csv,fedon,500+,75,,
439,google_trends_168.csv,tammy abraham,500+,90,,
440,google_trends_168.csv,chelsea,5 B+,85,,
446,google_trends_168.csv,farah zeynep,500+,80,,
1,google_trends_168.csv,gala,B+,90,,
1,google_trends_168.csv,süreyya,B+,85,,
1,google_trends_168.csv,martinelli,B+,80,,
2,google_trends_168.csv,trabzonspor,B+,75,,
500,google_trends_168.csv,al hilal,,70,,
500,google_trends_168.csv,elektrik kesintisi,,80,,
500,google_trends_168.csv,ankara su,,75,,
2,google_trends_168.csv,netflix,B+,85,,
2,google_trends_168.csv,sağlık bakanlığı,B+,80,,
2,google_trends_168.csv,canelo,,75,,
501,google_trends_168.csv,mandıra filozofu,B+,70,,
502,google_trends_168.csv,nevşehir hava durumu,200+,75,,
503,google_trends_168.csv,19 aralık burç,B+,80,,
505,google_trends_168.csv,muşspor,500+,85,,
511,google_trends_168.csv,manuel ugarte,500+,80,,
515,google_trends_168.csv,marcão,500+,75,,
517,google_trends_168.csv,fb beko,5 B+,90,,
520,google_trends_168.csv,balıkesirspor,500+,80,,
541,google_trends_168.csv,20 aralık burç,500+,75,,
550,google_trends_168.csv,manchester city - west ham,500+,85,,
1,google_trends_168.csv,eve,B+,85,,
2,google_trends_168.csv,mark levin,500+,80,,
2,google_trends_168.csv,survivor 2026,B+,75,,
1,google_trends_168.csv,bosch,500+,90,,
1,google_trends_168.csv,abdurrahim alkış,500+,80,,
1,google_trends_168.csv,demet akalın,500+,85,,
1,google_trends_168.csv,altın s1,500+,80,,
1,google_trends_168.csv,ben leman 12,500+,75,,
1,google_trends_168.csv,everton - arsenal,500+,85,,
1,google_trends_168.csv,valencia fc,500+,80,,
1,google_trends_168.csv,club brugge,500+,80,,
1,google_trends_168.csv,deniz barut,500+,75,,
1,google_trends_168.csv,izlanda,500+,80,,
1,google_trends_168.csv,survivor,500+,85,,
1,google_trends_168.csv,s sport,500+,80,,
601,google_trends_168.csv,bedaş,500+,85,,
604,google_trends_168.csv,halk tv,500+,80,,
606,google_trends_168.csv,wordle,1 B+,90,,
607,google_trends_168.csv,steam indirimleri,1 B+,88,,
620,google_trends_168.csv,galatasaray fikstür,500+,82,,
622,google_trends_168.csv,ernest muçi,500+,75,,
623,google_trends_168.csv,elon musk,500+,95,,
636,google_trends_168.csv,turkish airlines euroleague,1 B+,80,,
643,google_trends_168.csv,valencia,500+,78,,
646,google_trends_168.csv,de vrij,500+,76,,
647,google_trends_168.csv,bournemouth,500+,74,,
651,google_trends_168.csv,as,100+,90,,
655,google_trends_168.csv,yozgat bozokspor,500+,85,,
656,google_trends_168.csv,hava durumu antalya,500+,88,,
659,google_trends_168.csv,samet akaydın,500+,87,,
661,google_trends_168.csv,süper lig fikstür,1 B+,80,,
663,google_trends_168.csv,mehmet akif ersoy,500+,85,,
665,google_trends_168.csv,mbappe,500+,90,,
667,google_trends_168.csv,houston rockets,500+,85,,
668,google_trends_168.csv,brawl stars,500+,88,,
673,google_trends_168.csv,la la land,500+,85,,
678,google_trends_168.csv,safonov,500+,85,,
684,google_trends_168.csv,rc strasbourg,500+,85,,
685,google_trends_168.csv,martin terrier,500+,85,,
686,google_trends_168.csv,mahmut ak,500+,85,,
688,google_trends_168.csv,hollow knight,500+,85,,
690,google_trends_168.csv,call of duty,500+,90,,
694,google_trends_168.csv,suudi arabistan,500+,85,,
695,google_trends_168.csv,crystal palace,500+,85,,
697,google_trends_168.csv,paris,500+,90,,
698,google_trends_168.csv,leonardo dicaprio,500+,85,,
700,google_trends_168.csv,abi,500+,85,,
701,google_trends_168.csv,makedonya,200+,60,,
703,google_trends_168.csv,sparta prag,500+,75,,
704,google_trends_168.csv,reddit,500+,80,,
707,google_trends_168.csv,alanya,500+,70,,
708,google_trends_168.csv,osimhen,500+,75,,
715,google_trends_168.csv,18 aralık,500+,65,,
717,google_trends_168.csv,flamengo psg,500+,80,,
720,google_trends_168.csv,çılgın loto,1 B+,90,,
728,google_trends_168.csv,corinthians,100+,60,,
730,google_trends_168.csv,halkbank promosyon,500+,75,,
733,google_trends_168.csv,türkan şoray,500+,70,,
735,google_trends_168.csv,halil umut,500+,65,,
736,google_trends_168.csv,knvb kupası,500+,70,,
740,google_trends_168.csv,paris hilton,200+,60,,
745,google_trends_168.csv,fenerbahçe kupa,500+,80,,
748,google_trends_168.csv,ersin tatar,500+,70,,
754,google_trends_168.csv,halka arz,,90,,
757,google_trends_168.csv,istiklal marşı,,95,,
758,google_trends_168.csv,fatma aksal,,90,,
759,google_trends_168.csv,a101 katalog,,85,,
760,google_trends_168.csv,gs mac,,90,,
766,google_trends_168.csv,newcastle,,85,,
770,google_trends_168.csv,tv izle,,90,,
771,google_trends_168.csv,tve la 1,,85,,
778,google_trends_168.csv,tff süper lig,,90,,
782,google_trends_168.csv,çanakkale deprem,,85,,
787,google_trends_168.csv,dwayne johnson,,85,,
789,google_trends_168.csv,osym giris,,85,,
795,google_trends_168.csv,galatasaray - trabzonspor,,90,,
797,google_trends_168.csv,emekli,,85,,
799,google_trends_168.csv,soğuk hava dalgası,,90,,
1,google_trends_168.csv,tuncay arslan,100+,90,,
2,google_trends_168.csv,rize,200+,85,,
3,google_trends_168.csv,gökalp içer,200+,80,,
4,google_trends_168.csv,mert demir,200+,80,,
5,google_trends_168.csv,atatürk üniversitesi,200+,75,,
6,google_trends_168.csv,paok - panathinaikos,200+,75,,
7,google_trends_168.csv,jordan vs morocco,200+,75,,
8,google_trends_168.csv,dinamo kiev,200+,75,,
9,google_trends_168.csv,malatya deprem,200+,80,,
10,google_trends_168.csv,لا ليغا,100+,70,,
11,google_trends_168.csv,athletic bilbao,200+,75,,
12,google_trends_168.csv,limon,200+,80,,
13,google_trends_168.csv,yalova,200+,75,,
14,google_trends_168.csv,tuba ünsal,200+,75,,
15,google_trends_168.csv,buğra gökçe,200+,75,,
16,google_trends_168.csv,alperen şengün,200+,75,,
17,google_trends_168.csv,atletico bilbao,200+,75,,
18,google_trends_168.csv,bulls - cavaliers,200+,75,,
19,google_trends_168.csv,marcquise reed,100+,70,,
20,google_trends_168.csv,meb,500+,85,,
21,google_trends_168.csv,timberwolves - grizzlies,200+,75,,
22,google_trends_168.csv,dortmund maçı,200+,75,,
23,google_trends_168.csv,ford,500+,85,,
24,google_trends_168.csv,nba,500+,85,,
25,google_trends_168.csv,microsoft,200+,75,,
26,google_trends_168.csv,levante,200+,75,,
27,google_trends_168.csv,peynir,200+,75,,
28,google_trends_168.csv,fc lausanne-sport,200+,75,,
29,google_trends_168.csv,ألافيس ضد إشبيلية,200+,75,,
30,google_trends_168.csv,shaparenko,100+,70,,
31,google_trends_168.csv,fallout 2. sezon,200+,75,,
32,google_trends_168.csv,aselsan,200+,75,,
33,google_trends_168.csv,raspadori,200+,75,,
34,google_trends_168.csv,cemre baysel,500+,85,,
35,google_trends_168.csv,braga fc,100+,70,,
36,google_trends_168.csv,grinch,200+,75,,
37,google_trends_168.csv,rojin kabaiş,200+,75,,
38,google_trends_168.csv,sayaç,200+,75,,
39,google_trends_168.csv,reyer - bahçeşehir koleji,200+,75,,
40,google_trends_168.csv,gürcistan,200+,75,,
41,google_trends_168.csv,istanbul üniversitesi,200+,75,,
42,google_trends_168.csv,titanic,100+,70,,
43,google_trends_168.csv,muğla hava durumu,100+,70,,
44,google_trends_168.csv,serenay sarıkaya,200+,75,,
45,google_trends_168.csv,denizli,200+,75,,
46,google_trends_168.csv,emekli edilen emniyet müdürleri,200+,75,,
47,google_trends_168.csv,ram,200+,75,,
48,google_trends_168.csv,celta vigo,200+,75,,
49,google_trends_168.csv,melis deniz,200+,75,,
50,google_trends_168.csv,andrei arlovski,200+,75,,
1,google_trends_168.csv,torino fc,,100,,
2,google_trends_168.csv,okan bayülgen,,100,,
3,google_trends_168.csv,yavuz günal,,100,,
4,google_trends_168.csv,fifa kupa,,100,,
5,google_trends_168.csv,2. lig,,100,,
6,google_trends_168.csv,a spor,,100,,
7,google_trends_168.csv,alfabe,,100,,
8,google_trends_168.csv,kayseri elektrik,,100,,
9,google_trends_168.csv,gsb,,100,,
10,google_trends_168.csv,epdk,,100,,
11,google_trends_168.csv,müfit can,,100,,
12,google_trends_168.csv,rockets,,100,,
13,google_trends_168.csv,tüyap,,100,,
14,google_trends_168.csv,fethiyespor,,100,,
15,google_trends_168.csv,yapay zeka,,100,,
16,google_trends_168.csv,istanbul,,100,,
17,google_trends_168.csv,hacker,,100,,
18,google_trends_168.csv,kapalı çarşı,,100,,
19,google_trends_168.csv,istiklal spor,,100,,
20,google_trends_168.csv,amasyaspor,,100,,
1,google_trends_168.csv,antonio costa,100+,90,,
2,google_trends_168.csv,influencer,100+,85,,
3,google_trends_168.csv,sarp levendoğlu,100+,80,,
4,google_trends_168.csv,cengiz çallı,100+,80,,
5,google_trends_168.csv,galatasaray mauro icardi,100+,85,,
6,google_trends_168.csv,acf fiorentina,100+,80,,
7,google_trends_168.csv,çanakkale,100+,75,,
8,google_trends_168.csv,valencia cf,100+,75,,
9,google_trends_168.csv,sevval sahin,200+,90,,
10,google_trends_168.csv,safranbolu,100+,75,,
11,google_trends_168.csv,ilber ortaylı,100+,80,,
12,google_trends_168.csv,cnn türk,100+,75,,
13,google_trends_168.csv,meltem a,100+,75,,
14,google_trends_168.csv,tayfun kahraman,100+,75,,
15,google_trends_168.csv,taşacak bu deniz fadime,200+,90,,
16,google_trends_168.csv,edirne belediye başkanı,100+,75,,
17,google_trends_168.csv,10 dance,100+,75,,
18,google_trends_168.csv,kahramanmaraş,100+,75,,
19,google_trends_168.csv,akdeniz üniversitesi,200+,90,,
20,google_trends_168.csv,suudi arabistan bae maçı,100+,75,,
21,google_trends_168.csv,sahipsizler fragman,100+,75,,
22,google_trends_168.csv,ieo,100+,75,,
23,google_trends_168.csv,denizli haber,100+,75,,
24,google_trends_168.csv,kocaeli gazetesi,100+,75,,
25,google_trends_168.csv,melisa döngel kimdir,100+,75,,
26,google_trends_168.csv,dünya gazetesi,100+,75,,
1,google_trends_24.csv,regaip kandili,50 B+,60,,
2,google_trends_24.csv,samsunspor - eyüpspor,20 B+,55,,
3,google_trends_24.csv,libya,50 B+,60,,
4,google_trends_24.csv,11. yargı paketi,10 B+,50,,
5,google_trends_24.csv,ezgi fındık,10 B+,50,,
6,google_trends_24.csv,haji wright,10 B+,50,,
7,google_trends_24.csv,cerny,500 B+,70,,
8,google_trends_24.csv,ajet,10 B+,50,,
9,google_trends_24.csv,timur savcı,5 B+,45,,
10,google_trends_24.csv,libya genelkurmay başkanı,50 B+,60,,
11,google_trends_24.csv,fenerbahçe sadettin saran,20 B+,55,,
12,google_trends_24.csv,keçiörengücü - beyoğlu yeni çarşı,5 B+,45,,
13,google_trends_24.csv,النصر ضد الزوراء,2 B+,40,,
14,google_trends_24.csv,xiaomi 17 ultra,2 B+,40,,
15,google_trends_24.csv,boluspor - fethiyespor,5 B+,45,,
16,google_trends_24.csv,noel ne zaman,2 B+,40,,
17,google_trends_24.csv,mahmut uğur ziylan,10 B+,50,,
18,google_trends_24.csv,mekke de trafik kazası,5 B+,45,,
19,google_trends_24.csv,merry christmas,2 B+,40,,
20,google_trends_24.csv,goretzka,2 B+,40,,
21,google_trends_24.csv,doğu ekspresi bilet,1 B+,35,,
22,google_trends_24.csv,endrick,2 B+,40,,
23,google_trends_24.csv,50 euro,1 B+,35,,
24,google_trends_24.csv,al nassr,1 B+,35,,
29,google_trends_24.csv,Cristiano Ronaldo,,90,,
31,google_trends_24.csv,Beyazıt Öztürk,,85,,
33,google_trends_24.csv,Alexander Sörloth,,80,,
36,google_trends_24.csv,Cezayir,,75,,
56,google_trends_24.csv,Sömestr Tatili,,70,,
65,google_trends_24.csv,Show Yayın Akışı,,80,,
72,google_trends_24.csv,Hakan Fidan,,75,,
76,google_trends_24.csv,salih özcan,,90,,
77,google_trends_24.csv,şenol güneş,,85,,
79,google_trends_24.csv,erdi çetin,,95,,
81,google_trends_24.csv,fb beko,,90,,
85,google_trends_24.csv,kyk kaç tl,,80,,
89,google_trends_24.csv,algeria vs sudan,,85,,
90,google_trends_24.csv,semavi siverek,,80,,
92,google_trends_24.csv,kerem aktürkoğlu,,75,,
96,google_trends_24.csv,spurs - thunder,,90,,
99,google_trends_24.csv,mavericks - nuggets,,95,,
100,google_trends_24.csv,ümit özdağ,,85,,
102,google_trends_24.csv,muhasebetr,,80,,
107,google_trends_24.csv,avengers doomsday,,75,,
111,google_trends_24.csv,championship,,80,,
112,google_trends_24.csv,bbc,,85,,
113,google_trends_24.csv,suns - lakers,,90,,
117,google_trends_24.csv,تونس ضد أوغندا,,85,,
123,google_trends_24.csv,الاتحاد ضد نسف قرشي,,90,,
124,google_trends_24.csv,dilan polat,,80,,
125,google_trends_24.csv,at,B+,70,,
126,google_trends_24.csv,rashica,500+,80,,
129,google_trends_24.csv,libya tezkeresi,500+,75,,
132,google_trends_24.csv,trt spor,500+,85,,
138,google_trends_24.csv,airporthaber,500+,80,,
140,google_trends_24.csv,mbwana samatta,500+,75,,
142,google_trends_24.csv,kuruluş orhan,500+,90,,
143,google_trends_24.csv,chobani,500+,85,,
144,google_trends_24.csv,exxen,500+,80,,
146,google_trends_24.csv,hafsanur,500+,75,,
152,google_trends_24.csv,rafa silva,500+,70,,
153,google_trends_24.csv,mert günok,500+,75,,
154,google_trends_24.csv,bayern - hapoel,500+,80,,
155,google_trends_24.csv,afra,500+,75,,
158,google_trends_24.csv,tammy,500+,80,,
1,instagram.csv,starbuckspikeplace,,85,,#starbuckspikeplace
2,instagram.csv,cakesformum,,80,,#cakesformum
3,instagram.csv,fingerpiercing,,75,,#fingerpiercing
4,instagram.csv,bourboncoffee,,70,,#bourboncoffee
5,instagram.csv,freilichttheater,,65,,#freilichttheater
1,instagram.csv,#botamontaria,,95,,#Etiketler
2,instagram.csv,#goodbyenganggur,,90,,#Etiketler
3,instagram.csv,#miacorvere,,88,,#Etiketler
4,instagram.csv,#familydollarsavingmoney,,85,,#Etiketler
5,instagram.csv,#newyearhairstyle,,80,,#Etiketler
6,instagram.csv,#rocksgroupantigua,,78,,#Etiketler
7,instagram.csv,#artgallerybrisbane,,75,,#Etiketler
8,instagram.csv,#delcosalon,,72,,#Etiketler
9,instagram.csv,#setkuashellokitty,,70,,#Etiketler
10,instagram.csv,#jacketparasutjoma,,68,,#Etiketler
1,instagram.csv,#naturepage,"23,891",95,,#naturepage
2,instagram.csv,#pigmentosrbkollors,"23,464",90,,#pigmentosrbkollors
3,instagram.csv,#prelovedjakartamurahmeriah,"3,759",80,,#prelovedjakartamurahmeriah
4,instagram.csv,#besttile,"6,580",75,,#besttile
5,instagram.csv,#weddingphot,"15,299",85,,#weddingphot
6,instagram.csv,#citateljicepisu,49,70,,#citateljicepisu
7,instagram.csv,#drsippy,405,65,,#drsippy
8,instagram.csv,#mahdapekalongan,"3,022",60,,#mahdapekalongan
9,instagram.csv,#caspe,"40,559",95,,#caspe
10,instagram.csv,#silverpearls,"12,095",80,,#silverpearls
1,instagram.csv,#smiledr,,85,,
2,instagram.csv,#pagarnusacepu,,80,,
3,instagram.csv,#ietsanders,,75,,
4,instagram.csv,#tinacarter,,70,,
5,instagram.csv,#sedaerrivertubing,,72,,
6,instagram.csv,#hermescertified,,60,,
7,instagram.csv,#travelingcoach,,65,,
8,instagram.csv,#campodeconcentracion,,78,,
9,instagram.csv,#germanshorthairpointerpuppy,,74,,
10,instagram.csv,#kepitinghouse,,82,,
11,instagram.csv,#setphoto,,77,,
12,instagram.csv,#drinkcraftbeeronly,,68,,
13,instagram.csv,#popularairsoft,,80,,
14,instagram.csv,#ndim,,76,,
1,instagram.csv,#amazonkeratin,,90,,#microneedlingreno
2,instagram.csv,#stromspeicher,,85,,#stromspeicher
3,instagram.csv,#waktuknyakitasahur,,80,,#waktuknyakitasahur
4,instagram.csv,#lifewithbabies,,75,,#lifewithbabies
5,instagram.csv,#darkskingirlskillingit,,70,,#darkskingirlskillingit
1,instagram.csv,#jca,,100,,
2,instagram.csv,#mogadipermudahkan,,95,,
3,instagram.csv,#feedyourimagination,,90,,
4,instagram.csv,#governodaparaiba,,85,,
5,instagram.csv,#colombiacompraeficiente,,80,,
6,instagram.csv,#shermanbrothers,,75,,
7,instagram.csv,#hotspotinthealps,,70,,
8,instagram.csv,#minklashesdurham,,65,,
9,instagram.csv,#ginecologistagoiania,,60,,
10,instagram.csv,#veterinariasunam,,55,,
1,instagram.csv,#kokorolearningcenter,567,85,,
2,instagram.csv,#indianturism,"7,552",90,,
3,instagram.csv,#sarasotaweddingplanner,"16,990",95,,
4,instagram.csv,#kedilerisevin,"26,036",92,,
5,instagram.csv,#planetvenus,"14,488",88,,
6,instagram.csv,#terbesardimalaysia,"15,617",89,,
7,instagram.csv,#promoblackgarlick,65,80,,
8,instagram.csv,#doorgiftselangormurah,375,75,,
9,instagram.csv,#libertytavern,"9,076",87,,
10,instagram.csv,#gallionsreach,"3,422",82,,
1,instagram.csv,#gucciperfumes,,90,,
2,instagram.csv,#organicpork,,85,,
3,instagram.csv,#grindnow,,80,,
4,instagram.csv,#bahrainartists,,88,,
5,instagram.csv,#visitcappadocia,,87,,
6,instagram.csv,#trophytuesday,,82,,
7,instagram.csv,#dokterkulittangerang,,75,,
8,instagram.csv,#sandiegoburlesque,,78,,
9,instagram.csv,#balibridesmaidmakeup,,76,,
10,instagram.csv,#hennaloungepresets,,70,,
1,instagram.csv,#mirandakonstantinidou,,95,,#Etiketler
2,instagram.csv,#noiceravamo,,90,,#Etiketler
3,instagram.csv,#verlassenabernichtvergessen,,88,,#Etiketler
4,instagram.csv,#headsetstraykids,,80,,#Etiketler
5,instagram.csv,#organizeddrawers,,75,,#Etiketler
6,instagram.csv,#festivaloutfitinspo,,70,,#Etiketler
1,instagram.csv,#tiffanyandcompany,,95,,#tiffanyandcompany
2,instagram.csv,#philadelphiadance,,90,,#philadelphiadance
3,instagram.csv,#kullamannen,,88,,#kullamannen
4,instagram.csv,#foundationsofyoga,,85,,#foundationsofyoga
5,instagram.csv,#servicesparks,,80,,#servicesparks
6,instagram.csv,#hikingdaily,,78,,#hikingdaily
7,instagram.csv,#vanessaguzman,,75,,#vanessaguzman
8,instagram.csv,#doorgiftmajliskawin,,70,,#doorgiftmajliskawin
9,instagram.csv,#tinybikinis,,68,,#tinybikinis
10,instagram.csv,#mascaraalistermurah,,65,,#mascaraalistermurah
1,instagram.csv,#scultoreparkeunsun,,85,,
2,instagram.csv,#contemporarypaintingartist,,85,,
3,instagram.csv,#weddingsinnaija,,85,,
4,instagram.csv,#sobellamurahmurah,,85,,
5,instagram.csv,#bajuanakperempuananakmurah,,85,,
6,instagram.csv,#fortnitethumbnailsforsale,,85,,
7,instagram.csv,#houstonkidsthronechairs,,85,,
8,instagram.csv,#setelanokbggirl,,85,,
9,instagram.csv,#miamipuppy,,85,,
10,instagram.csv,#dogueattire,,85,,
11,instagram.csv,#chikichubakiloan,,85,,
12,instagram.csv,#pgavillage,,85,,
13,instagram.csv,#haryanvigirl,,85,,
14,instagram.csv,#alatukirsayur,,85,,
15,instagram.csv,#pattayadestinationweddings,,85,,
16,instagram.csv,#boobsfordaysss,,85,,
17,instagram.csv,#rashmonimathur,,85,,
18,instagram.csv,#itsnotarace,,85,,
19,instagram.csv,#outfitsnagitaslavina,,85,,
20,instagram.csv,#farmhousenursery,,85,,
21,instagram.csv,#friendsinqatar,,85,,
22,instagram.csv,#counselinglouisiana,,85,,
23,instagram.csv,#dairyblock,,85,,
24,instagram.csv,#vapingbrasil,,85,,
25,instagram.csv,#raindropsdroptops,,85,,
26,instagram.csv,#kiddiesitems,,85,,
27,instagram.csv,#makandirumahaja,,85,,
28,instagram.csv,#jegskalgiftes,,85,,
29,instagram.csv,#mountainjam,,85,,
30,instagram.csv,#desifoodlovers,,85,,
31,instagram.csv,#isiheliumsurabaya,,85,,
32,instagram.csv,#radtrain,,85,,
33,instagram.csv,#cinepsycho,,85,,
34,instagram.csv,#helloselvio,,85,,
35,instagram.csv,#kueultahcileungsi,,85,,
36,instagram.csv,#aksesorissurakarta,,85,,
37,instagram.csv,#ujianukmppd,,85,,
38,instagram.csv,#kratikaajaisengar,,85,,
39,instagram.csv,#semipermanentmakeupindonesia,,85,,
40,instagram.csv,#boobsofsuicidegirls,,85,,
41,instagram.csv,#defensacivilsomostodos,,85,,
42,instagram.csv,#varundhawanmemes,,85,,
43,instagram.csv,#instafootlove,,85,,
44,instagram.csv,#pelangsingtubuhrecomended,,85,,
45,instagram.csv,#premiumcarsurabaya,,85,,
1,instagram.csv,#restaurantesenvalencia,"19,998",95,,
2,instagram.csv,#melbourneagency,"17,439",90,,
3,instagram.csv,#linoefrancesca,"25,478",88,,
4,instagram.csv,#confiarendios,"25,043",87,,
5,instagram.csv,#kidneydialysis,"7,265",80,,
6,instagram.csv,#hairextensionssussex,"3,163",75,,
7,instagram.csv,#eyelasheskorea,"4,071",70,,
8,instagram.csv,#swittermurahbandung,"1,507",65,,
9,instagram.csv,#boobsforlife,"3,286",60,,
10,instagram.csv,#humboldtdogs,"3,776",55,,
1,instagram.csv,#mejuripartner,,95,,
2,instagram.csv,#photographsunmori,,90,,
3,instagram.csv,#travelgirlspakistan,,88,,
4,instagram.csv,#everythingboxy,,85,,
5,instagram.csv,#fourrosesdistillery,,80,,
6,instagram.csv,#sofiesscoopsgelato,,78,,
7,instagram.csv,#heavydutymaterial,,75,,
8,instagram.csv,#lancomehypnosedrama,,70,,
9,instagram.csv,#fitnessmodellife,,68,,
10,instagram.csv,#sifnoscayennerestaurant,,65,,
1,instagram.csv,#venerdi17,,95,,#venerdi17
2,instagram.csv,#grampiansnationalpark,,90,,#grampiansnationalpark
3,instagram.csv,#maraschinocherries,,88,,#maraschinocherries
4,instagram.csv,#troymcclure,,85,,#troymcclure
5,instagram.csv,#obatgataleksimkering,,80,,#obatgataleksimkering
6,instagram.csv,#taskecesolo,,78,,#taskecesolo
7,instagram.csv,#eyesmilecouple,,75,,#eyesmilecouple
8,instagram.csv,#klubkidsnewcastle,,73,,#klubkidsnewcastle
9,instagram.csv,#hansanitizer,,70,,#hansanitizer
10,instagram.csv,#sampurngyanhindi,,68,,#sampurngyanhindi
1,instagram.csv,#vempraprime,,90,,
2,instagram.csv,#blurrytaper,,75,,
3,instagram.csv,#olshopsumaterabarat,,80,,
4,instagram.csv,#jamskersibisco,,70,,
5,instagram.csv,#pagarnusajakarta,,85,,
6,instagram.csv,#maskerrespirator,,65,,
7,instagram.csv,#theraikarcase,,70,,
8,instagram.csv,#boobspillage,,60,,
9,instagram.csv,#qualidadesexual,,65,,
10,instagram.csv,#mahendimurah,,70,,
11,instagram.csv,#poterefemminile,,75,,
12,instagram.csv,#watercoloreffect,,80,,
13,instagram.csv,#souvenirperlengkapansekolah,,60,,
14,instagram.csv,#tripmurahbandung,,65,,
15,instagram.csv,#theherbalclub,,50,,
16,instagram.csv,#perthshops,,55,,
17,instagram.csv,#grosircasemurahsemurahsemurah,,50,,
18,instagram.csv,#kembalikepadaallah,,60,,
19,instagram.csv,#croatianblogger,,65,,
1,instagram.csv,#malearmpit,,90,,
2,instagram.csv,#sanggarbimbeldm,,70,,
3,instagram.csv,#jeddahphotographers,,75,,
4,instagram.csv,#shishacafesurabaya,,65,,
5,instagram.csv,#palhacodehospital,,80,,
6,instagram.csv,#printedtudung,,75,,
7,instagram.csv,#clubatleticosanlorenzodealmagro,,70,,
8,instagram.csv,#jeonginedits,,85,,
9,instagram.csv,#foodcartsportland,,80,,
10,instagram.csv,#browznbeauty,,75,,
1,instagram.csv,#pizzaroyalty,,90,,
1,instagram.csv,#informationplanet,,85,,
1,instagram.csv,#carstop,,80,,
1,instagram.csv,#createwithme,,95,,
1,instagram.csv,#houseplantsph,,88,,
1,instagram.csv,#mulanfanart,,82,,
1,instagram.csv,#hondenliefhebbers,,87,,
1,instagram.csv,#fashioncolorextraordinaire,,75,,
1,instagram.csv,#visitforchheim,,70,,
1,instagram.csv,#hijossanos,,90,,#hijossanos
2,instagram.csv,#sagamiindonesia,,70,,#sagamiindonesia
3,instagram.csv,#queering,,75,,#queering
4,instagram.csv,#kpopblockparty,,85,,#kpopblockparty
5,instagram.csv,#vapecape,,65,,#vapecape
6,instagram.csv,#onlyny,,95,,#onlyny
7,instagram.csv,#lostforestpack,,80,,#lostforestpack
8,instagram.csv,#melanz,,90,,#melanz
9,instagram.csv,#sabyasachisarees,,70,,#sabyasachisarees
10,instagram.csv,#photographydecor,,75,,#photographydecor
886,instagram.csv,#actresshotbody,,85,,
887,instagram.csv,#shopsmalleveryday,,90,,
894,instagram.csv,#theatrecostumes,,80,,
899,instagram.csv,#fecoach,,88,,
1,tiktok_trends.csv,#baile,,95,,
3,tiktok_trends.csv,#dance,,92,,
12,tiktok_trends.csv,#viral,,90,,
13,tiktok_trends.csv,#tiktokviral,,87,,
1,tiktok_trends.csv,#foryoupage,,90,,#foryoupage
2,tiktok_trends.csv,#trending,,85,,#trending
3,tiktok_trends.csv,#dance,,80,,#dancing
4,tiktok_trends.csv,#viral,,75,,#viraltiktok
5,tiktok_trends.csv,#meme,,70,,#meme
1,twitter_trends.csv,FenerBizimSaranBizim,,90,,#FenerBizimSaranBizim
2,twitter_trends.csv,düşündürücü,,80,,#düşündürücü
3,twitter_trends.csv,kulakverin,,75,,#kulakverin
4,twitter_trends.csv,MemurDiyorki,,70,,#MemurDiyorki
5,twitter_trends.csv,Christmas,,65,,#Christmas
6,twitter_trends.csv,KuruluşOrhan,,60,,#KuruluşOrhan
7,twitter_trends.csv,MertYazıcıoğlu,,55,,#MertYazıcıoğlu
8,twitter_trends.csv,Mustafa Köseoğlu,,50,,#MustafaKöseoğlu
9,twitter_trends.csv,OrhanBey,,45,,#OrhanBey
10,twitter_trends.csv,Timur Savcı,,40,,#TimurSavcı
11,twitter_trends.csv,Gömlek,,35,,#Gömlek
12,twitter_trends.csv,DirtyDisinformation,,75,,#DirtyDisinformation
13,twitter_trends.csv,Dilan Polat,,80,,
14,twitter_trends.csv,Adli,,70,,
15,twitter_trends.csv,Devletin,,65,,
16,twitter_trends.csv,Genel Başkan,,60,,
18,twitter_trends.csv,Yargı Paketi,,85,,
20,twitter_trends.csv,Anthony Musaba,,75,,
22,twitter_trends.csv,Fatih Terim,,80,,
24,twitter_trends.csv,3 Temmuz,,70,,
27,twitter_trends.csv,Fenerbahçe Başkan,,85,,
34,twitter_trends.csv,Ali Koç,,80,,
35,twitter_trends.csv,Neymar,,75,,
38,twitter_trends.csv,Regaip Kandili,,65,,
40,twitter_trends.csv,Mutlu Noeller,,60,,
51,twitter_trends.csv,FenerBizimSaranBizim,,70,,#FenerBizimSaranBizim
53,twitter_trends.csv,DirtyDisinformation,,75,,#DirtyDisinformation
56,twitter_trends.csv,Mustafa Köseoğlu,,65,,
1,twitter_trends.csv,Emeklinin Maaşı,,90,,#EmeklininMaaşıEnAz50BinOlmalı
2,twitter_trends.csv,Neymar,,80,,#Neymar
3,twitter_trends.csv,Ali Koç,,75,,#AliKoç
4,twitter_trends.csv,Regaip Kandili,,70,,#RegaipKandili
5,twitter_trends.csv,Fenerbahçe,,85,,#Fenerbahçe
212,twitter_trends.csv,#EmeklininMaaşıEnAz50BinOlmalı,,90,,
222,twitter_trends.csv,#MahkumAilesindenCHPyeOyYok,,80,,
251,twitter_trends.csv,#SadettinSaranYalnızDeğildir,,75,,
262,twitter_trends.csv,#EmeklininMaaşıEnAz50BinOlmalı,,90,,
263,twitter_trends.csv,Fenerbahçe Başkanı,,85,,
264,twitter_trends.csv,Fenerbahçeliler,,80,,
265,twitter_trends.csv,Dilan Polat,,75,,
266,twitter_trends.csv,Aziz Yıldırım,,70,,
267,twitter_trends.csv,Christmas,,65,,
268,twitter_trends.csv,Fatih Terim,,60,,
271,twitter_trends.csv,#MahkumAilesindenCHPyeOyYok,,88,,
280,twitter_trends.csv,Fenerbahçeyi,,82,,
290,twitter_trends.csv,AK Parti Genel Merkez,,78,,
303,twitter_trends.csv,Neymar,,76,,
362,twitter_trends.csv,#MahkumAilesindenCHPyeOyYok,,90,,
363,twitter_trends.csv,İstifa,,80,,
368,twitter_trends.csv,#BIMAS,,75,,
370,twitter_trends.csv,Fenerbahçeliler,,85,,
371,twitter_trends.csv,EnBüyükSuçlu,,70,,
372,twitter_trends.csv,Fenerbahçe Başkanı,,80,,
375,twitter_trends.csv,Fenerbahçeyi,,75,,
390,twitter_trends.csv,Ticaret Bakanlığı,,65,,
393,twitter_trends.csv,Fatih Terim,,80,,
404,twitter_trends.csv,Ali Koç,,75,,
407,twitter_trends.csv,Aziz Yıldırım,,70,,
412,twitter_trends.csv,Pozitif,,75,,
413,twitter_trends.csv,#BozdurBozdurHarca,,80,,#BozdurBozdurHarca
414,twitter_trends.csv,Ezgi Fındık,,70,,
415,twitter_trends.csv,#BIMAS,,85,,#BIMAS
416,twitter_trends.csv,Rezan Epözdemir,,65,,
417,twitter_trends.csv,Koko,,60,,
418,twitter_trends.csv,Serhat,,55,,
419,twitter_trends.csv,EnBüyükSuçlu ŞoförMü,,75,,
420,twitter_trends.csv,#ŞoföreNedenAfYok,,80,,#ŞoföreNedenAfYok
421,twitter_trends.csv,Fenerbahçeliler,,70,,
422,twitter_trends.csv,Hamdi Burak Beşer,,65,,
423,twitter_trends.csv,Lube,,60,,
424,twitter_trends.csv,Libya,,55,,
425,twitter_trends.csv,WE ARE CLEAN,,80,,
426,twitter_trends.csv,Mutlu Noeller,,75,,
427,twitter_trends.csv,Kumpas,,65,,
428,twitter_trends.csv,Tırnak,,60,,
429,twitter_trends.csv,Dilan Polat,,70,,
430,twitter_trends.csv,Ticaret Bakanlığı'ndan,,65,,
431,twitter_trends.csv,Başkanın,,60,,
432,twitter_trends.csv,Merry Christmas,,75,,
433,twitter_trends.csv,Başkanımızın,,65,,
434,twitter_trends.csv,Depozito,,70,,
435,twitter_trends.csv,Hüküm,,65,,
436,twitter_trends.csv,Fenerbahçeyi,,70,,
437,twitter_trends.csv,Negatif,,50,,
438,twitter_trends.csv,Fiilen Çalıştık,,65,,
439,twitter_trends.csv,İçişleri Bakanı,,70,,
440,twitter_trends.csv,Resmi Gazete'de,,65,,
441,twitter_trends.csv,İsmail Saymaz,,60,,
442,twitter_trends.csv,Şamil,,55,,
443,twitter_trends.csv,Taha,,55,,
444,twitter_trends.csv,Gazoz,,60,,
445,twitter_trends.csv,Kira,,55,,
446,twitter_trends.csv,Nedim,,50,,
447,twitter_trends.csv,Dolar,,70,,
448,twitter_trends.csv,9H-DFJ,,50,,
449,twitter_trends.csv,Laiklik,,65,,
450,twitter_trends.csv,Haymana,,55,,
451,twitter_trends.csv,Sadettin Saran,,60,,
452,twitter_trends.csv,Neymar,,65,,
453,twitter_trends.csv,#Çarşamba,,80,,#Çarşamba
454,twitter_trends.csv,Ali Koç,,70,,
455,twitter_trends.csv,3 Temmuz,,65,,
456,twitter_trends.csv,Kokain,,50,,
457,twitter_trends.csv,Aziz Yıldırım,,70,,
458,twitter_trends.csv,Adli,,55,,
459,twitter_trends.csv,Taurasi,,60,,
460,twitter_trends.csv,#MahkumAilesindenCHPyeOyYok,,80,,#MahkumAilesindenCHPyeOyYok
461,twitter_trends.csv,İstifa,,70,,
1,twitter_trends.csv,#BIMAS,,90,,#BIMAS
2,twitter_trends.csv,#BozdurBozdurHarca,,88,,#BozdurBozdurHarca
3,twitter_trends.csv,Ezgi Fındık,,85,,Pozitif
4,twitter_trends.csv,Fenerbahçeliler,,80,,
512,twitter_trends.csv,WE ARE CLEAN,,85,,
513,twitter_trends.csv,Taurasi,,80,,
514,twitter_trends.csv,#EmeklininMaaşıEnAz50BinOlmalı,,90,,
516,twitter_trends.csv,Koko,,75,,
518,twitter_trends.csv,Dilan Polat,,70,,
521,twitter_trends.csv,Ticaret Bakanlığı,,80,,
525,twitter_trends.csv,Fenerbahçeliler,,75,,
530,twitter_trends.csv,Fiilen Çalıştık,,70,,
534,twitter_trends.csv,Merry Christmas,,65,,
558,twitter_trends.csv,Ali Koç,,70,,
740,twitter_trends.csv,#asgariücret,,90,,
741,twitter_trends.csv,#FBvBJK,,88,,
742,twitter_trends.csv,#Çarşamba,,85,,
743,twitter_trends.csv,#BuTopraktaİzinVar,,87,,
744,twitter_trends.csv,#BozdurBozdurHarca,,86,,
748,twitter_trends.csv,Fenerbahçe - Beşiktaş,,92,,
990,twitter_trends.csv,#asgariücret,,90,,
996,twitter_trends.csv,Fenerbahçe - Beşiktaş,,88,,
1001,twitter_trends.csv,Açlık,,85,,
1003,twitter_trends.csv,BenLeman DisneyPlusa,,80,,
40,twitter_trends.csv,#asgariücret,,90,,
41,twitter_trends.csv,#FBvBJK,,88,,
42,twitter_trends.csv,#BuTopraktaİzinVar,,85,,
46,twitter_trends.csv,Fenerbahçe - Beşiktaş,,87,,
1112,twitter_trends.csv,Ligde,,75,,
1113,twitter_trends.csv,Tarık,,70,,
1114,twitter_trends.csv,Osterwolde,,60,,
1115,twitter_trends.csv,BenLeman DisneyPlusa,,80,,
1116,twitter_trends.csv,Dünya Şehit Çocukları Günü,,85,,
1119,twitter_trends.csv,Kira,,65,,
1120,twitter_trends.csv,Rakip 10,,55,,
1122,twitter_trends.csv,Derbi,,90,,
1123,twitter_trends.csv,Dolar,,75,,
1125,twitter_trends.csv,Ziraat,,60,,
1128,twitter_trends.csv,Şimanski,,50,,
1130,twitter_trends.csv,Rıdvan,,70,,
1131,twitter_trends.csv,Tavşan,,55,,
1133,twitter_trends.csv,Evren,,50,,
1135,twitter_trends.csv,Benfica,,65,,
1136,twitter_trends.csv,Kupa,,60,,
1137,twitter_trends.csv,Salih Uçan,,75,,
1138,twitter_trends.csv,Makarna,,70,,
1140,twitter_trends.csv,#BuTopraktaİzinVar,,80,,
1141,twitter_trends.csv,#Libya,,75,,
1142,twitter_trends.csv,#FBvBJK,,85,,
1144,twitter_trends.csv,Beşiktaş,,90,,
1145,twitter_trends.csv,#asgariücret,,80,,
1146,twitter_trends.csv,Szymanski,,50,,
1147,twitter_trends.csv,#uçak,,65,,
1149,twitter_trends.csv,Kerem,,70,,
1150,twitter_trends.csv,Orkun,,60,,
1151,twitter_trends.csv,9H-DFJ,,50,,
1152,twitter_trends.csv,Kadıköy,,65,,
1153,twitter_trends.csv,Falcon 50,,55,,
1154,twitter_trends.csv,İsmail,,50,,
1155,twitter_trends.csv,Penaltı,,60,,
1156,twitter_trends.csv,Abraham,,55,,
1157,twitter_trends.csv,Jayden,,50,,
1158,twitter_trends.csv,Ertem,,50,,
1159,twitter_trends.csv,Ederson,,55,,
1160,twitter_trends.csv,Tarık,,70,,
1161,twitter_trends.csv,Ligde,,75,,
1,twitter_trends_tagged.csv,FenerBizimSaranBizim,,85,,#FenerBizimSaranBizim
1,twitter_trends_tagged.csv,düşündürücü,,80,,#düşündürücü
1,twitter_trends_tagged.csv,DirtyDisinformation,,75,,#DirtyDisinformation
1,twitter_trends_tagged.csv,Christmas,,70,,#Christmas
1,twitter_trends_tagged.csv,KuruluşOrhan,,65,,#KuruluşOrhan
1,twitter_trends_tagged.csv,OrhanBey,,60,,#OrhanBey
1,twitter_trends_tagged.csv,Anthony Musaba,,55,,#AnthonyMusaba
1,twitter_trends_tagged.csv,MertYazıcıoğlu,,50,,#MertYazıcıoğlu
1,twitter_trends_tagged.csv,Dilan Polat,,45,,#DilanPolat
1,twitter_trends_tagged.csv,Adli,,40,,#Adli
1,twitter_trends_tagged.csv,Genel Başkanımız,,35,,#GenelBaşkanımız
1,twitter_trends_tagged.csv,Bağımsız,,30,,#Bağımsız
1,twitter_trends_tagged.csv,Hilmi,,25,,#Hilmi
1,twitter_trends_tagged.csv,Fatih Terim,,20,,#FatihTerim
1,twitter_trends_tagged.csv,Rezan Epözdemir,,15,,#RezanEpözdemir
1,twitter_trends_tagged.csv,Gömlek,,10,,#Gömlek
1,twitter_trends_tagged.csv,Sanane,,5,,#Sanane
1,twitter_trends_tagged.csv,Devletin,,3,,#Devletin
1,twitter_trends_tagged.csv,Yaka,,2,,#Yaka
1,twitter_trends_tagged.csv,Aziz Yıldırım,,85,,
1,twitter_trends_tagged.csv,Berna,,80,,
1,twitter_trends_tagged.csv,Kardeş Libya,,75,,
1,twitter_trends_tagged.csv,Devlete,,70,,
1,twitter_trends_tagged.csv,Şekip Mosturoğlu,,65,,
1,twitter_trends_tagged.csv,Mutlu Noeller,,60,,
1,twitter_trends_tagged.csv,MASAK,,55,,
1,twitter_trends_tagged.csv,Koko,,50,,
1,twitter_trends_tagged.csv,#MahkumAilesindenCHPyeOyYok,,90,,
1,twitter_trends_tagged.csv,#çarşamba,,85,,
1,twitter_trends_tagged.csv,Ezgi Fındık,,75,,
1,twitter_trends_tagged.csv,Negatif,,70,,
1,twitter_trends_tagged.csv,Serhat,,65,,
1,twitter_trends_tagged.csv,İstifa,,60,,
1,twitter_trends_tagged.csv,Ulaş,,55,,
1,twitter_trends_tagged.csv,AK Parti Genel Merkez,,50,,
1,twitter_trends_tagged.csv,Ortadaki,,45,,
1,twitter_trends_tagged.csv,Fenerbahçeye,,40,,
1,twitter_trends_tagged.csv,Lube,,35,,
1,twitter_trends_tagged.csv,Tırnak,,30,,
1,twitter_trends_tagged.csv,EnBüyükSuçlu ŞoförMü,,25,,
1,twitter_trends_tagged.csv,Depozito,,20,,
1,twitter_trends_tagged.csv,Pozitif,,15,,
1,twitter_trends_tagged.csv,Fiilen Çalıştık,,10,,
1,twitter_trends_tagged.csv,Başkanımızın,,5,,
1,twitter_trends_tagged.csv,Başkanın,,5,,
1,twitter_trends_tagged.csv,Steven,,5,,
1,twitter_trends_tagged.csv,Ertan,,5,,
2,twitter_trends_tagged.csv,#SadettinSaranYalnızDeğildir,,90,,
2,twitter_trends_tagged.csv,Adli,,80,,
2,twitter_trends_tagged.csv,Bağımsız,,75,,
2,twitter_trends_tagged.csv,Sanane,,70,,
2,twitter_trends_tagged.csv,Taurasi,,65,,
2,twitter_trends_tagged.csv,3 Temmuz,,60,,
2,twitter_trends_tagged.csv,Neymar,,55,,
2,twitter_trends_tagged.csv,Timur Savcı,,50,,
2,twitter_trends_tagged.csv,Ali Koç,,45,,
2,twitter_trends_tagged.csv,Kokain,,40,,
2,twitter_trends_tagged.csv,Berna,,35,,
2,twitter_trends_tagged.csv,#EmeklininMaaşıEnAz50BinOlmalı,,90,,
2,twitter_trends_tagged.csv,Fenerbahçe Başkanı,,80,,
2,twitter_trends_tagged.csv,Fenerbahçeliler,,75,,
2,twitter_trends_tagged.csv,Aziz Yıldırım,,70,,
2,twitter_trends_tagged.csv,Dilan Polat,,65,,
2,twitter_trends_tagged.csv,Christmas,,60,,
2,twitter_trends_tagged.csv,Serhat,,55,,
2,twitter_trends_tagged.csv,#çarşamba,,85,,
2,twitter_trends_tagged.csv,Fatih Terim,,80,,
2,twitter_trends_tagged.csv,Rezan Epözdemir,,75,,
2,twitter_trends_tagged.csv,#MahkumAilesindenCHPyeOyYok,,90,,
1,twitter_trends_tagged.csv,Regaip Kandili,,85,,
2,twitter_trends_tagged.csv,Şekip Mosturoğlu,,70,,
3,twitter_trends_tagged.csv,Ezgi Fındık,,75,,
4,twitter_trends_tagged.csv,Koko,,65,,
5,twitter_trends_tagged.csv,#agrot,,60,,
6,twitter_trends_tagged.csv,İstifa,,80,,
7,twitter_trends_tagged.csv,MASAK,,70,,
8,twitter_trends_tagged.csv,Fenerbahçeyi,,90,,
9,twitter_trends_tagged.csv,Pozitif,,75,,
10,twitter_trends_tagged.csv,Başkanın,,65,,
11,twitter_trends_tagged.csv,Tırnak,,60,,
12,twitter_trends_tagged.csv,Depozito,,70,,
13,twitter_trends_tagged.csv,EnBüyükSuçlu,,65,,
14,twitter_trends_tagged.csv,Lube,,60,,
15,twitter_trends_tagged.csv,24 Aralık,,70,,
16,twitter_trends_tagged.csv,Testi,,65,,
17,twitter_trends_tagged.csv,Başkanımızın,,75,,
18,twitter_trends_tagged.csv,Negatif,,60,,
19,twitter_trends_tagged.csv,AK Parti Genel Merkez,,80,,
20,twitter_trends_tagged.csv,Pele,,70,,
21,twitter_trends_tagged.csv,Libya,,75,,
22,twitter_trends_tagged.csv,Fiilen Çalıştık,,65,,
23,twitter_trends_tagged.csv,Devam,,60,,
24,twitter_trends_tagged.csv,Ertan,,55,,
25,twitter_trends_tagged.csv,ortadaki,,50,,
26,twitter_trends_tagged.csv,Kumpas,,55,,
27,twitter_trends_tagged.csv,Mutlu Noeller,,60,,
28,twitter_trends_tagged.csv,WE ARE CLEAN,,65,,
29,twitter_trends_tagged.csv,#SadettinSaranYalnızDeğildir,,75,,
30,twitter_trends_tagged.csv,Adli,,60,,
31,twitter_trends_tagged.csv,Bağımsız,,65,,
32,twitter_trends_tagged.csv,Sanane,,55,,
33,twitter_trends_tagged.csv,Ali Koç,,70,,
34,twitter_trends_tagged.csv,Taurasi,,60,,
35,twitter_trends_tagged.csv,3 Temmuz,,65,,
36,twitter_trends_tagged.csv,Neymar,,75,,
37,twitter_trends_tagged.csv,Timur Savcı,,60,,
38,twitter_trends_tagged.csv,Kokain,,55,,
39,twitter_trends_tagged.csv,Berna,,50,,
40,twitter_trends_tagged.csv,#EmeklininMaaşıEnAz50BinOlmalı,,80,,
41,twitter_trends_tagged.csv,Fenerbahçe Başkanı,,85,,
42,twitter_trends_tagged.csv,Fenerbahçeliler,,75,,
43,twitter_trends_tagged.csv,Dilan Polat,,70,,
44,twitter_trends_tagged.csv,Aziz Yıldırım,,80,,
45,twitter_trends_tagged.csv,Christmas,,65,,
46,twitter_trends_tagged.csv,Fatih Terim,,75,,
47,twitter_trends_tagged.csv,#çarşamba,,60,,
48,twitter_trends_tagged.csv,Rezan Epözdemir,,55,,
49,twitter_trends_tagged.csv,#MahkumAilesindenCHPyeOyYok,,70,,
50,twitter_trends_tagged.csv,Regaip Kandili,,85,,
3,twitter_trends_tagged.csv,Şekip Mosturoğlu,,85,,
3,twitter_trends_tagged.csv,Ezgi Fındık,,85,,
3,twitter_trends_tagged.csv,Serhat,,85,,
3,twitter_trends_tagged.csv,Koko,,85,,
3,twitter_trends_tagged.csv,#agrot,,85,,
3,twitter_trends_tagged.csv,İstifa,,85,,
3,twitter_trends_tagged.csv,MASAK,,85,,
3,twitter_trends_tagged.csv,Fenerbahçeyi,,85,,
3,twitter_trends_tagged.csv,Pozitif,,85,,
3,twitter_trends_tagged.csv,Tırnak,,85,,
3,twitter_trends_tagged.csv,Depozito,,85,,
3,twitter_trends_tagged.csv,EnBüyükSuçlu ŞoförMü,,85,,
3,twitter_trends_tagged.csv,Lube,,85,,
3,twitter_trends_tagged.csv,24 Aralık,,85,,
3,twitter_trends_tagged.csv,Testi,,85,,
3,twitter_trends_tagged.csv,Başkanın,,85,,
3,twitter_trends_tagged.csv,Başkanımızın,,85,,
3,twitter_trends_tagged.csv,AK Parti Genel Merkez,,85,,
3,twitter_trends_tagged.csv,Negatif,,85,,
3,twitter_trends_tagged.csv,Pele,,85,,
3,twitter_trends_tagged.csv,Libya,,85,,
3,twitter_trends_tagged.csv,Devam,,85,,
3,twitter_trends_tagged.csv,Fiilen Çalıştık,,85,,
3,twitter_trends_tagged.csv,Ertan,,85,,
3,twitter_trends_tagged.csv,ortadaki,,85,,
3,twitter_trends_tagged.csv,Kumpas,,85,,
3,twitter_trends_tagged.csv,Mutlu Noeller,,85,,
3,twitter_trends_tagged.csv,WE ARE CLEAN,,85,,
4,twitter_trends_tagged.csv,#SeninleyizSadettinSaran,,80,,
4,twitter_trends_tagged.csv,Adli,,80,,
4,twitter_trends_tagged.csv,Neymar,,80,,
4,twitter_trends_tagged.csv,Kokain,,80,,
4,twitter_trends_tagged.csv,3 Temmuz,,80,,
4,twitter_trends_tagged.csv,ali koç,,80,,
4,twitter_trends_tagged.csv,Timur Savcı,,80,,
4,twitter_trends_tagged.csv,Bağımsız,,80,,
4,twitter_trends_tagged.csv,Sanane,,80,,
4,twitter_trends_tagged.csv,Aziz Yıldırım,,80,,
4,twitter_trends_tagged.csv,Fenerbahçe Başkanı,,80,,
4,twitter_trends_tagged.csv,#çarşamba,,80,,
4,twitter_trends_tagged.csv,Berna,,80,,
4,twitter_trends_tagged.csv,Fenerbahçeliler,,80,,
4,twitter_trends_tagged.csv,Taurasi,,80,,
4,twitter_trends_tagged.csv,#EmeklininMaaşıEnAz50BinOlmalı,,80,,
4,twitter_trends_tagged.csv,Serhat,,80,,
4,twitter_trends_tagged.csv,#MahkumAilesindenCHPyeOyYok,,80,,
4,twitter_trends_tagged.csv,Şekip Mosturoğlu,,80,,
4,twitter_trends_tagged.csv,Koko,,80,,
4,twitter_trends_tagged.csv,İstifa,,80,,
4,twitter_trends_tagged.csv,Dilan Polat,,80,,
1,twitter_trends_tagged.csv,#SeninleyizSadettinSaran,,85,,
2,twitter_trends_tagged.csv,Neymar,,80,,
3,twitter_trends_tagged.csv,3 Temmuz,,75,,
4,twitter_trends_tagged.csv,Ali Koç,,70,,
5,twitter_trends_tagged.csv,Kokain,,65,,
6,twitter_trends_tagged.csv,Timur Savcı,,60,,
7,twitter_trends_tagged.csv,Sanane,,55,,
8,twitter_trends_tagged.csv,Aziz Yıldırım,,50,,
9,twitter_trends_tagged.csv,#çarşamba,,45,,
10,twitter_trends_tagged.csv,Taurasi,,40,,
11,twitter_trends_tagged.csv,Adli,,35,,
12,twitter_trends_tagged.csv,#MahkumAilesindenCHPyeOyYok,,30,,
13,twitter_trends_tagged.csv,İstifa,,25,,
14,twitter_trends_tagged.csv,Koko,,20,,
15,twitter_trends_tagged.csv,Serhat,,15,,
16,twitter_trends_tagged.csv,Pozitif,,10,,
17,twitter_trends_tagged.csv,Rezan Epözdemir,,5,,
18,twitter_trends_tagged.csv,#BIMAS,,3,,
19,twitter_trends_tagged.csv,Ezgi Fındık,,2,,
20,twitter_trends_tagged.csv,Fenerbahçeliler,,1,,
5,twitter_trends_tagged.csv,ŞoföreNedenAfYok,,85,,#ŞoföreNedenAfYok
6,twitter_trends_tagged.csv,Çarşamba,,80,,#Çarşamba
6,twitter_trends_tagged.csv,MahkumAilesindenCHPyeOyYok,,75,,#MahkumAilesindenCHPyeOyYok
6,twitter_trends_tagged.csv,BozdurBozdurHarca,,70,,#BozdurBozdurHarca
6,twitter_trends_tagged.csv,BIMAS,,65,,#BIMAS
1,twitter_trends_tagged.csv,Neymar,,85,,
2,twitter_trends_tagged.csv,Ali Koç,,80,,
3,twitter_trends_tagged.csv,Aziz Yıldırım,,75,,
4,twitter_trends_tagged.csv,Fenerbahçeliler,,70,,
5,twitter_trends_tagged.csv,Kokain,,65,,
6,twitter_trends_tagged.csv,İstifa,,60,,
7,twitter_trends_tagged.csv,Dolar,,55,,
1,twitter_trends_tagged.csv,Lube,,85,,
2,twitter_trends_tagged.csv,Libya,,80,,
3,twitter_trends_tagged.csv,WE ARE CLEAN,,75,,
4,twitter_trends_tagged.csv,Kumpas,,70,,
5,twitter_trends_tagged.csv,Dilan Polat,,65,,
6,twitter_trends_tagged.csv,Başkanın,,60,,
7,twitter_trends_tagged.csv,Ticaret Bakanlığı,,55,,
8,twitter_trends_tagged.csv,Depozito,,50,,
1,twitter_trends_tagged.csv,Falcon 50,,85,,
2,twitter_trends_tagged.csv,Dolar,,80,,
3,twitter_trends_tagged.csv,Neymar,,75,,
4,twitter_trends_tagged.csv,Açlık,,70,,
5,twitter_trends_tagged.csv,Kira,,65,,
1,twitter_trends_tagged.csv,WE ARE CLEAN,,85,,
2,twitter_trends_tagged.csv,Kokain,,80,,
3,twitter_trends_tagged.csv,Açlık,,75,,
4,twitter_trends_tagged.csv,Falcon 50,,70,,
5,twitter_trends_tagged.csv,Dünya Şehit Çocukları Günü,,65,,
1,twitter_trends_tagged.csv,Falcon 50,,85,,
1,twitter_trends_tagged.csv,Galata Köprüsü,,85,,
2,twitter_trends_tagged.csv,şafak sezer,,80,,
3,twitter_trends_tagged.csv,yarım sigortaya hayır,,75,,
4,twitter_trends_tagged.csv,Açlık,,70,,
5,twitter_trends_tagged.csv,Dünya Şehit Çocukları Günü,,65,,
1,twitter_trends_tagged.csv,#asgariücret,,85,,
2,twitter_trends_tagged.csv,#FBvBJK,,80,,
3,twitter_trends_tagged.csv,#Çarşamba,,75,,
4,twitter_trends_tagged.csv,#BuTopraktaİzinVar,,70,,
1,twitter_trends_tagged.csv,Falcon,,85,,
990,twitter_trends_tagged.csv,#asgariücret,,85,,
991,twitter_trends_tagged.csv,#FBvBJK,,80,,
992,twitter_trends_tagged.csv,#BuTopraktaİzinVar,,75,,
996,twitter_trends_tagged.csv,Fenerbahçe - Beşiktaş,,90,,
1001,twitter_trends_tagged.csv,Açlık,,70,,
1003,twitter_trends_tagged.csv,BenLeman DisneyPlusa,,65,,
1008,twitter_trends_tagged.csv,Falcon,,60,,
1010,twitter_trends_tagged.csv,Dünya Şehit Çocukları Günü,,55,,
1,twitter_trends_tagged.csv,#asgariücret,,90,,
2,twitter_trends_tagged.csv,#FBvBJK,,85,,
3,twitter_trends_tagged.csv,#BuTopraktaİzinVar,,80,,
4,twitter_trends_tagged.csv,Fenerbahçe - Beşiktaş,,75,,
5,twitter_trends_tagged.csv,Dünya Şehit Çocukları Günü,,70,,
1,twitter_trends_tagged.csv,Asensio,,85,,
2,twitter_trends_tagged.csv,Tedesco,,80,,
3,twitter_trends_tagged.csv,Emrullah Erdinç,,75,,
4,twitter_trends_tagged.csv,Osterwolde,,70,,
5,twitter_trends_tagged.csv,Neves,,65,,
6,twitter_trends_tagged.csv,Şafak Sezer,,60,,
7,twitter_trends_tagged.csv,Yarım Sigortaya Hayır,,55,,
8,twitter_trends_tagged.csv,Bozdur,,50,,
9,twitter_trends_tagged.csv,Anadolu,,45,,
10,twitter_trends_tagged.csv,Penaltı,,40,,
11,twitter_trends_tagged.csv,Karadağ,,35,,
12,twitter_trends_tagged.csv,Harca,,30,,
13,twitter_trends_tagged.csv,Rakip 10,,25,,
14,twitter_trends_tagged.csv,İsmail,,20,,
15,twitter_trends_tagged.csv,Haydar,,15,,
16,twitter_trends_tagged.csv,Menemen,,10,,
17,twitter_trends_tagged.csv,Ergün Atalay,,5,,
18,twitter_trends_tagged.csv,#BuTopraktaİzinVar,,90,,
19,twitter_trends_tagged.csv,#Libya,,85,,
20,twitter_trends_tagged.csv,#FBvBJK,,80,,
21,twitter_trends_tagged.csv,Cerny,,75,,
22,twitter_trends_tagged.csv,Beşiktaş,,70,,
23,twitter_trends_tagged.csv,#Uçak,,65,,
24,twitter_trends_tagged.csv,Szymanski,,60,,
25,twitter_trends_tagged.csv,Oğuz,,55,,
26,twitter_trends_tagged.csv,Asgari,,50,,
27,twitter_trends_tagged.csv,Kerem,,45,,
28,twitter_trends_tagged.csv,Orkun,,40,,
29,twitter_trends_tagged.csv,#RüyaGibi,,35,,
30,twitter_trends_tagged.csv,Haymana,,30,,
31,twitter_trends_tagged.csv,9H-DFJ,,25,,
32,twitter_trends_tagged.csv,Falcon 50,,20,,
33,twitter_trends_tagged.csv,Kadıköy,,15,,
34,twitter_trends_tagged.csv,İsmail,,10,,
35,twitter_trends_tagged.csv,Ankara,,5,,
36,twitter_trends_tagged.csv,Abraham,,0,,
37,twitter_trends_tagged.csv,Ertem,,0,,
38,twitter_trends_tagged.csv,Ederson,,0,,
39,twitter_trends_tagged.csv,Jayden,,0,,
40,twitter_trends_tagged.csv,Ligde,,0,,
41,twitter_trends_tagged.csv,Tarık,,0,,
42,twitter_trends_tagged.csv,Osterwolde,,0,,
43,twitter_trends_tagged.csv,BenLeman DisneyPlusa,,0,,
44,twitter_trends_tagged.csv,Dünya Şehit Çocukları Günü,,0,,
45,twitter_trends_tagged.csv,Tedesco,,0,,
46,twitter_trends_tagged.csv,Semedo,,0,,
47,twitter_trends_tagged.csv,Kira,,0,,
48,twitter_trends_tagged.csv,Rakip 10,,0,,
49,twitter_trends_tagged.csv,Jurasek,,0,,
50,twitter_trends_tagged.csv,Derbi,,0,,
1,twitter_trends_tagged.csv,Dolar,24,90,,
2,twitter_trends_tagged.csv,Asensio,24,80,,
3,twitter_trends_tagged.csv,Ziraat,24,75,,
4,twitter_trends_tagged.csv,Cici,24,70,,
5,twitter_trends_tagged.csv,Skriniar,24,65,,
6,twitter_trends_tagged.csv,Şimanski,24,60,,
7,twitter_trends_tagged.csv,Rıdvan,24,55,,
8,twitter_trends_tagged.csv,Tavşan,24,50,,
9,twitter_trends_tagged.csv,Syzmanski,24,45,,
10,twitter_trends_tagged.csv,Evren,24,40,,
1,youtube_trends.csv,Komik Yorumlar,,90,,
2,youtube_trends.csv,Yüksel Baltacı,,85,,
3,youtube_trends.csv,Yorumların Efendisi,,80,,
10,youtube_trends.csv,Neşeli Yorumlar,,75,,
1,youtube_trends_tag.csv,Komik Yorumlar,,90,,#komikyorumlar
2,youtube_trends_tag.csv,Yüksel Baltacı,,80,,
3,youtube_trends_tag.csv,Yorumların Efendisi,,75,,
10,youtube_trends_tag.csv,Neşeli Yorumlar,,70,,
24,youtube_trends_tag.csv,futbol,,85,,#futbol
26,youtube_trends_tag.csv,gerçek,,70,,
28,youtube_trends_tag.csv,iphone,,90,,
38,youtube_trends_tag.csv,komikyorumlar,,75,,#komikyorumlar
42,youtube_trends_tag.csv,ronaldo,,80,,
53,youtube_trends_tag.csv,samsung,,85,,
54,youtube_trends_tag.csv,trailer,,70,,
